kernel,sampling,m,beta,field_gap,field_residual_after_variance,identity_error,root,shift,scaled_shift,predicted_scaled_shift,jacobian_gap,scaled_jacobian_gap,predicted_scaled_jacobian_gap
fermi,independent,8,0.2,0.0009896438967187393,2.5752815156261048e-05,1.1058862159352145e-17,0.5999824343107054,-1.7565689294563036e-05,-0.0011242041148520343,-0.0011199999999999995,0.004470129918316745,0.03576103934653396,0.03743999997139589
fermi,independent,16,0.2,0.0005012601521484084,6.438203789091825e-06,2.927345865710862e-17,0.5999956166281862,-4.383371813743153e-06,-0.0011221431843182472,-0.0011199999999999995,0.0022875171346636858,0.03660027415461897,0.03743999997139589
fermi,independent,32,0.2,0.00025223962702147773,1.60955094727236e-06,6.7220534694101275e-18,0.5999989051935394,-1.0948064605997843e-06,-0.001121081815654179,-0.0011199999999999995,0.001156877619851171,0.03702008383523747,0.03743999997139589
fermi,independent,64,0.2,0.00012652220124753644,4.023877368386085e-07,2.2199039481640703e-17,0.5999997264298202,-2.735701797318413e-07,-0.0011205434561816219,-0.0011199999999999995,0.0005817195325601432,0.037230050083849164,0.03743999997139589
fermi,independent,128,0.2,6.336169755793986e-05,1.0059693424766696e-07,4.355782227960514e-17,0.5999999316240012,-6.83759987518684e-08,-0.0011202723635506118,-0.0011199999999999995,0.0002916802332910695,0.0373350698612569,0.03743999997139589
fermi,independent,256,0.2,3.170599801249896e-05,2.5149233594801948e-08,4.377466271410224e-17,0.5999999829080759,-1.7091924098266986e-08,-0.0011201363377040252,-0.0011199999999999995,0.0001460454413830803,0.037387632994068554,0.03743999997139589
fermi,common,8,0.2,0.001860711644531221,9.197433984377973e-05,2.970713952610282e-17,0.5999370640155158,-6.293598448414706e-05,-0.004027903006985412,-0.004000000000000002,0.008250847012851947,0.06600677610281558,0.0719999999449921
fermi,common,16,0.2,0.000953349407226578,2.299358496092238e-05,1.5070410197548512e-17,0.5999843184394842,-1.568156051579006e-05,-0.0040144794920422555,-0.004000000000000002,0.004312612062123522,0.06900179299397635,0.0719999999449921
fermi,common,32,0.2,0.00048242309985352394,5.748396240226258e-06,8.077306185017008e-18,0.5999960865523926,-3.9134476074176305e-06,-0.004007370349995654,-0.004000000000000002,0.002203139808557575,0.0705004738738424,0.0719999999449921
fermi,common,64,0.2,0.0002426486489868207,1.4370990600543962e-06,4.174178364069192e-18,0.5999990225298711,-9.77470128837865e-07,-0.0040037176477198955,-0.004000000000000002,0.0011132835737712732,0.07125014872136148,0.0719999999449921
fermi,common,128,0.2,0.00012168359925840422,3.5927476503333153e-07,1.8688934948218883e-17,0.5999997557454273,-2.442545726788481e-07,-0.004001866918770247,-0.004000000000000002,0.0005595710523831343,0.07162509470504119,0.0719999999449921
fermi,common,256,0.2,6.093161832049221e-05,8.981869122656576e-08,2.7091501784981542e-17,0.5999999389505695,-6.10494305108844e-08,-0.00400093547796132,-0.004000000000000002,0.00028051811923157643,0.07181263852328357,0.0719999999449921
arctan,independent,8,0.2,0.003958575586874957,0.00010301126062504419,4.423544863740858e-17,0.5999289369539413,-7.106304605863922e-05,-0.00454803494775291,-0.004479999999999998,0.017882098333687146,0.14305678666949717,0.14975999988558356
arctan,independent,16,0.2,0.0020050406085937444,2.5752815156256277e-05,6.071532165918825e-18,0.5999823652761022,-1.763472389781917e-05,-0.004514489317841708,-0.004479999999999998,0.009150268264486394,0.1464042922317823,0.14975999988558356
arctan,independent,32,0.2,0.0010089585080858554,6.438203789144951e-06,8.239936510889834e-17,0.599995608047459,-4.391952540983013e-06,-0.004497359401966605,-0.004479999999999998,0.004627534340855499,0.14808109890737597,0.14975999988558356
arctan,independent,64,0.2,0.0005060888049902013,1.6095509472989229e-06,3.3285006695304986e-17,0.5999989041240272,-1.0958759727452971e-06,-0.004488707984364737,-0.004479999999999998,0.002326879786372027,0.14892030632780973,0.14975999988558356
arctan,independent,128,0.2,0.00025344679023187044,4.0238773687964555e-07,6.320898665590491e-17,0.5999997262963249,-2.7370367505774595e-07,-0.00448436101214611,-0.004479999999999998,0.0011667198265048473,0.14934013779262045,0.14975999988558356
arctan,independent,256,0.2,0.00012682399205010686,1.0059693426818549e-07,6.407634839389331e-17,0.5999999316073265,-6.839267352454215e-08,-0.004482182252104394,-0.004479999999999998,0.000584180299084025,0.1495501565655104,0.14975999988558356
arctan,common,8,0.2,0.007442846578124995,0.0003678973593750079,7.806255641895632e-18,0.599742874017614,-0.00025712598238603057,-0.016456062872705957,-0.016000000000000007,0.03301387455786786,0.2641109964629429,0.2879999997799684
arctan,common,16,0.2,0.003813397628906201,9.197433984380055e-05,5.074066167232161e-17,0.5999365850601825,-6.341493981742996e-05,-0.01623422459326207,-0.016000000000000007,0.01725180790301195,0.2760289264481912,0.2879999997799684
arctan,common,32,0.2,0.0019296923994140402,2.2993584960960545e-05,2.3201926491189795e-17,0.5999842591970184,-1.5740802981611957e-05,-0.016118582253170644,-0.016000000000000007,0.008812730770862531,0.282007384667601,0.2879999997799684
arctan,common,64,0.2,0.0009705945959472273,5.748396240273096e-06,3.881443777498106e-17,0.5999960791872987,-3.9208127012857474e-06,-0.01605964882446642,-0.016000000000000007,0.004453154580224217,0.28500189313434987,0.2879999997799684
arctan,common,128,0.2,0.0004867343970336724,1.437099060077815e-06,1.9244588561617704e-17,0.599999021611779,-9.783882209957184e-07,-0.01602991261279385,-0.016000000000000007,0.00223828544259308,0.2865005366519142,0.2879999997799684
arctan,common,256,0.2,0.0002437264732818023,3.592747650727965e-07,5.816744655384731e-17,0.5999997556308257,-2.443691742293197e-07,-0.016014978202292696,-0.016000000000000007,0.001122071313870432,0.28725025635083057,0.2879999997799684
