ensemble,margin_min,margin_max,n,valid,failed,neutral,label_mismatch,opposite_sign
constructive_neighborhood,0.0,0.001,18,18,0,0,9,9
constructive_neighborhood,0.001,0.01,190,190,0,0,24,24
constructive_neighborhood,0.01,0.1,544,543,1,0,10,10
constructive_neighborhood,0.1,inf,48,48,0,0,0,0
near_boundary,0.0,0.001,7,7,0,1,2,1
near_boundary,0.001,0.01,60,59,1,1,3,2
near_boundary,0.01,0.1,733,719,14,0,2,2
near_boundary,0.1,inf,0,0,0,0,0,0
unconditional_interior,0.0,0.001,1,1,0,0,1,1
unconditional_interior,0.001,0.01,5,5,0,0,0,0
unconditional_interior,0.01,0.1,112,112,0,0,0,0
unconditional_interior,0.1,inf,682,680,2,0,0,0
