m,kernel,sampling,root,shift,jacobian,jacobian_gap,scaled_shift,scaled_jacobian,residual,derivative_check
256,fermi,independent,0.5999995766046158,-4.233953841970006e-07,-1.196370878144911,0.0036291218550890125,-0.027747639898734633,0.9290551949027872,9.031840964365188e-17,7.496345766355716e-10
512,fermi,independent,0.5999998936731966,-1.0632680336186695e-07,-1.1981786916939252,0.0018213083060747426,-0.02787293354049325,0.9325098527102682,8.487291212300477e-17,7.544069813292253e-10
1024,fermi,independent,0.5999999733579229,-2.6642077100014205e-08,-1.1990876460482145,0.0009123539517854606,-0.027936242637224495,0.9342504466283117,6.990420248711764e-17,7.614715524795201e-10
2048,fermi,independent,0.5999999933318937,-6.668106289353659e-09,-1.1995433964364761,0.0004566035635238386,-0.02796806488186121,0.9351240980968214,8.758918932268103e-18,7.542853008857264e-10
256,fermi,common,0.599998500249622,-1.4997503779978771e-06,-1.1930675300777525,0.006932469922247497,-0.09828764077246888,1.7747123000953593,5.0454495355857506e-17,7.476363972358513e-10
512,fermi,common,0.5999996218389766,-3.781610233843935e-07,-1.1965093080570055,0.0034906919429944505,-0.09913264331407845,1.7872342748131587,4.12999842704123e-18,7.497766851827237e-10
1024,fermi,common,0.5999999050488866,-9.495111341628615e-08,-1.1982484510686922,0.0017515489313078003,-0.09956345870159566,1.7935861056591875,1.2299700110050049e-17,7.572724669557829e-10
2048,fermi,common,0.5999999762103546,-2.3789645364757916e-08,-1.199122663465368,0.0008773365346319562,-0.09978100471198559,1.7967852229262462,2.1093350616183473e-18,7.543670133003388e-10
256,arctan,independent,0.5999983865616966,-1.6134383034049904e-06,-1.1858982311114588,0.0141017688885412,-0.10573829265194945,3.610052835466547,1.606789779983332e-17,1.4280636673191793e-09
512,arctan,independent,0.5999995852051132,-4.147948867716522e-07,-1.192822146277498,0.0071778537225020145,-0.108735990797868,3.6750611059210314,1.5277193161370794e-17,1.465860322014123e-09
1024,arctan,independent,0.5999998947792738,-1.0522072613206035e-07,-1.1963779209449512,0.0036220790550487436,-0.11033192812465131,3.7090089523699135,4.1457571669382036e-17,1.486158085484135e-09
2048,arctan,independent,0.5999999734982112,-2.6501788763511058e-08,-1.1981804834268153,0.0018195165731846874,-0.11115655861794949,3.72636994188224,2.1938721543930496e-17,1.4933279057771642e-09
256,arctan,common,0.5999945081767379,-5.491823262038231e-06,-1.1737137371180226,0.02628626288197733,-0.3599121293009375,6.729283297786196,4.956995017660769e-17,1.366212920572707e-09
512,arctan,common,0.5999985564261135,-1.44357388642824e-06,-1.1864217518537281,0.013578248146271843,-0.3784242328838445,6.952063050891184,6.173210650819194e-17,1.4302308226632476e-09
1024,arctan,common,0.5999996292390172,-3.7076098280408587e-07,-1.193093229937303,0.006906770062697021,-0.38877106830477715,7.072532544201749,1.050077579389865e-16,1.466239574199335e-09
2048,arctan,common,0.5999999059995595,-9.400044043150757e-08,-1.1965159474131888,0.0034840525868111705,-0.39426642330363393,7.135339697789277,2.046588002401311e-17,1.4885621624216583e-09
