game,beta,absolute_flow_tolerance,classical_C0_bound,moment3_C0_bound,moment5_C0_bound,illustrative_recommendation
two_strategy_example,0.05,0.001,0.0014062500000000004,3.1640625000000003e-06,7.203892299107146e-09,Moment3
two_strategy_example,0.1,0.001,0.0056250000000000015,5.0625000000000004e-05,4.6104910714285735e-07,Moment3
two_strategy_example,0.2,0.001,0.022500000000000006,0.0008100000000000001,2.950714285714287e-05,Moment3
two_strategy_example,0.4,0.001,0.09000000000000002,0.012960000000000001,0.0018884571428571437,Exact
two_strategy_example,0.8,0.001,0.3600000000000001,0.20736000000000002,0.1208612571428572,Exact
frozen_E14_game,0.05,0.001,0.012620038495577905,0.00012262394781690198,1.2056730345336737e-06,Moment3
frozen_E14_game,0.1,0.001,0.05048015398231162,0.0019619831650704318,7.716307421015512e-05,Moment5
frozen_E14_game,0.2,0.001,0.20192061592924648,0.03139173064112691,0.0049384367494499275,Exact
frozen_E14_game,0.4,0.001,0.8076824637169859,0.5022676902580305,0.31605995196479536,Exact
frozen_E14_game,0.8,0.001,3.2307298548679437,8.036283044128488,20.227836925746903,Exact
