game,reference_state,beta,absolute_flow_tolerance,certified_sample_size,certified_bound_inf,bound_numerator_m1_inf,verification_m,verification_actual_gap_inf,verification_bound_inf,verification_bound_covers,interpretation
two_strategy_example,"[0.6,0.4]",0.05,0.01,1,0.00720533135948653,0.00720533135948653,1,8.365595919330059e-05,0.00720533135948653,True,state-dependent instantaneous field certificate
two_strategy_example,"[0.6,0.4]",0.05,0.001,8,0.0009006664199358162,0.00720533135948653,2,2.093764657477626e-05,0.003602665679743265,True,state-dependent instantaneous field certificate
two_strategy_example,"[0.6,0.4]",0.05,0.0001,73,9.870316930803465e-05,0.00720533135948653,2,2.093764657477626e-05,0.003602665679743265,True,state-dependent instantaneous field certificate
two_strategy_example,"[0.6,0.4]",0.1,0.01,2,0.00720533135948653,0.01441066271897306,2,8.300990787621697e-05,0.00720533135948653,True,state-dependent instantaneous field certificate
two_strategy_example,"[0.6,0.4]",0.1,0.001,15,0.0009607108479315373,0.01441066271897306,2,8.300990787621697e-05,0.00720533135948653,True,state-dependent instantaneous field certificate
two_strategy_example,"[0.6,0.4]",0.1,0.0001,145,9.938388082050386e-05,0.01441066271897306,2,8.300990787621697e-05,0.00720533135948653,True,state-dependent instantaneous field certificate
two_strategy_example,"[0.6,0.4]",0.2,0.01,3,0.009607108479315373,0.02882132543794612,2,0.0003206256721546341,0.01441066271897306,True,state-dependent instantaneous field certificate
two_strategy_example,"[0.6,0.4]",0.2,0.001,29,0.0009938388082050386,0.02882132543794612,2,0.0003206256721546341,0.01441066271897306,True,state-dependent instantaneous field certificate
two_strategy_example,"[0.6,0.4]",0.2,0.0001,289,9.972776968147445e-05,0.02882132543794612,2,0.0003206256721546341,0.01441066271897306,True,state-dependent instantaneous field certificate
two_strategy_example,"[0.6,0.4]",0.4,0.01,6,0.009607108479315373,0.05764265087589224,2,0.0011241456661866224,0.02882132543794612,True,state-dependent instantaneous field certificate
two_strategy_example,"[0.6,0.4]",0.4,0.001,58,0.0009938388082050386,0.05764265087589224,2,0.0011241456661866224,0.02882132543794612,True,state-dependent instantaneous field certificate
two_strategy_example,"[0.6,0.4]",0.4,0.0001,577,9.990060810379937e-05,0.05764265087589224,2,0.0011241456661866224,0.02882132543794612,True,state-dependent instantaneous field certificate
frozen_E14_game,"[0.5952060514993919,0.35424705554250596,0.05054689295810216]",0.05,0.01,1,0.0038623032915745636,0.0038623032915745636,1,0.0001306048829969389,0.0038623032915745636,True,state-dependent instantaneous field certificate
frozen_E14_game,"[0.5952060514993919,0.35424705554250596,0.05054689295810216]",0.05,0.001,4,0.0009655758228936409,0.0038623032915745636,2,3.269146039939208e-05,0.0019311516457872818,True,state-dependent instantaneous field certificate
frozen_E14_game,"[0.5952060514993919,0.35424705554250596,0.05054689295810216]",0.05,0.0001,39,9.903341773268111e-05,0.0038623032915745636,2,3.269146039939208e-05,0.0019311516457872818,True,state-dependent instantaneous field certificate
frozen_E14_game,"[0.5952060514993919,0.35424705554250596,0.05054689295810216]",0.1,0.01,1,0.007724606583149127,0.007724606583149127,1,0.0005162128852294632,0.007724606583149127,True,state-dependent instantaneous field certificate
frozen_E14_game,"[0.5952060514993919,0.35424705554250596,0.05054689295810216]",0.1,0.001,8,0.0009655758228936409,0.007724606583149127,2,0.00012967771564981225,0.0038623032915745636,True,state-dependent instantaneous field certificate
frozen_E14_game,"[0.5952060514993919,0.35424705554250596,0.05054689295810216]",0.1,0.0001,78,9.903341773268111e-05,0.007724606583149127,2,0.00012967771564981225,0.0038623032915745636,True,state-dependent instantaneous field certificate
frozen_E14_game,"[0.5952060514993919,0.35424705554250596,0.05054689295810216]",0.2,0.01,2,0.007724606583149127,0.015449213166298255,2,0.0005022784516520144,0.007724606583149127,True,state-dependent instantaneous field certificate
frozen_E14_game,"[0.5952060514993919,0.35424705554250596,0.05054689295810216]",0.2,0.001,16,0.0009655758228936409,0.015449213166298255,2,0.0005022784516520144,0.007724606583149127,True,state-dependent instantaneous field certificate
frozen_E14_game,"[0.5952060514993919,0.35424705554250596,0.05054689295810216]",0.2,0.0001,155,9.967234300837583e-05,0.015449213166298255,2,0.0005022784516520144,0.007724606583149127,True,state-dependent instantaneous field certificate
frozen_E14_game,"[0.5952060514993919,0.35424705554250596,0.05054689295810216]",0.4,0.01,4,0.007724606583149127,0.03089842633259651,2,0.001794786584381052,0.015449213166298255,True,state-dependent instantaneous field certificate
frozen_E14_game,"[0.5952060514993919,0.35424705554250596,0.05054689295810216]",0.4,0.001,31,0.0009967234300837585,0.03089842633259651,2,0.001794786584381052,0.015449213166298255,True,state-dependent instantaneous field certificate
frozen_E14_game,"[0.5952060514993919,0.35424705554250596,0.05054689295810216]",0.4,0.0001,309,9.999490722523143e-05,0.03089842633259651,2,0.001794786584381052,0.015449213166298255,True,state-dependent instantaneous field certificate
