example,layer,beta,m,equilibrium,equilibrium_distance_to_classical_l2,residual_l2,max_real_eigenvalue,jacobian_step_spread,finite_sample_rhs_difference_inf,finite_sample_rhs_bound_inf
frozen_E14_three_strategy_game,classical,0.05,not_applicable,"[0.5952060514993919,0.35424705554250596,0.05054689295810216]",0.0,1.2518402724573207e-17,-0.0044477335078671465,1.4728657182772054e-10,0.0,0.0
frozen_E14_three_strategy_game,full_feedback_kernel,0.05,inf,"[0.5952060514993919,0.3542470555425059,0.05054689295810218]",5.721958498152797e-17,2.3707893225071155e-17,-0.004447733507838961,2.258761372386786e-10,0.0,0.0
frozen_E14_three_strategy_game,finite_sample_exact_m2,0.05,2,"[0.5951059608324729,0.3543267343866671,0.05056730478085996]",0.00012955115715205422,2.5546173410288425e-16,-0.004397125408713329,1.4752778165760816e-10,3.273112279967016e-05,0.0019318740795818178
frozen_E14_three_strategy_game,classical,0.06,not_applicable,"[0.5952060514993919,0.35424705554250596,0.05054689295810216]",0.0,1.2518402724573207e-17,-0.0044477335078671465,1.4728657182772054e-10,0.0,0.0
frozen_E14_three_strategy_game,full_feedback_kernel,0.06,inf,"[0.5952060514993919,0.354247055542506,0.05054689295810217]",5.594315114139762e-17,1.1263319619541001e-17,-0.004447733514336208,7.247363820184205e-11,0.0,0.0
frozen_E14_three_strategy_game,finite_sample_exact_m2,0.06,2,"[0.5950621549012667,0.3543615751967384,0.050576269901994896]",0.000186236373971344,2.168792620766859e-17,-0.004374993085458981,8.17132542185739e-11,4.7099712690786734e-05,0.0023186294966748592
frozen_E14_three_strategy_game,classical,0.07,not_applicable,"[0.5952060514993919,0.35424705554250596,0.05054689295810216]",0.0,1.2518402724573207e-17,-0.0044477335078671465,1.4728657182772054e-10,0.0,0.0
frozen_E14_three_strategy_game,full_feedback_kernel,0.07,inf,"[0.5952060514993919,0.3542470555425059,0.05054689295810218]",5.721958498152797e-17,2.3707893225071158e-17,-0.004447733507841271,2.2587673398355435e-10,0.0,0.0
frozen_E14_three_strategy_game,finite_sample_exact_m2,0.07,2,"[0.5950105674271432,0.35440258010772463,0.0505868524651321]",0.00025297959421948733,5.470722201145032e-17,-0.004348942947109455,2.3989274455793463e-10,6.405484519203575e-05,0.0027055917445399187
frozen_E14_three_strategy_game,classical,0.08,not_applicable,"[0.5952060514993919,0.35424705554250596,0.05054689295810216]",0.0,1.2518402724573207e-17,-0.0044477335078671465,1.4728657182772054e-10,0.0,0.0
frozen_E14_three_strategy_game,full_feedback_kernel,0.08,inf,"[0.5952060514993919,0.354247055542506,0.05054689295810217]",5.594315114139762e-17,1.1263319619541001e-17,-0.0044477335143363605,7.247067529414508e-11,0.0,0.0
frozen_E14_three_strategy_game,finite_sample_exact_m2,0.08,2,"[0.5949512887627987,0.35444966496207014,0.0505990462751312]",0.0003296583038992329,4.4430323325076504e-17,-0.004319027798116833,1.4187703789581008e-10,8.358371898753727e-05,0.003092794660431407
frozen_E14_three_strategy_game,classical,0.09,not_applicable,"[0.5952060514993919,0.35424705554250596,0.05054689295810216]",0.0,1.2518402724573207e-17,-0.0044477335078671465,1.4728657182772054e-10,0.0,0.0
frozen_E14_three_strategy_game,full_feedback_kernel,0.09,inf,"[0.5952060514993919,0.3542470555425059,0.05054689295810218]",5.721958498152797e-17,2.3707893225071152e-17,-0.004447733507844602,2.2587677561691777e-10,0.0,0.0
frozen_E14_three_strategy_game,finite_sample_exact_m2,0.09,2,"[0.5948844222279134,0.3545027335170224,0.05061284425506423]",0.0004161324170208169,4.4911604008108644e-17,-0.004285308280767841,1.3460839387580137e-10,0.00010567168610141552,0.0034802717961632612
frozen_E14_three_strategy_game,classical,0.1,not_applicable,"[0.5952060514993919,0.35424705554250596,0.05054689295810216]",0.0,1.2518402724573207e-17,-0.0044477335078671465,1.4728657182772054e-10,0.0,0.0
frozen_E14_three_strategy_game,full_feedback_kernel,0.1,inf,"[0.5952060514993919,0.354247055542506,0.05054689295810217]",5.594315114139762e-17,1.1263319619541001e-17,-0.004447733514336437,7.246809402561283e-11,0.0,0.0
frozen_E14_three_strategy_game,finite_sample_exact_m2,0.1,2,"[0.5948100837239704,0.3545616778008689,0.05062823847516079]",0.0005122448025848365,1.1720684387435333e-16,-0.004247852795013593,2.3205837945683427e-10,0.00013030230211107552,0.003868056382468757
frozen_E14_three_strategy_game,classical,0.11,not_applicable,"[0.5952060514993919,0.35424705554250596,0.05054689295810216]",0.0,1.2518402724573207e-17,-0.0044477335078671465,1.4728657182772054e-10,0.0,0.0
frozen_E14_three_strategy_game,full_feedback_kernel,0.11,inf,"[0.5952060514993919,0.3542470555425059,0.05054689295810218]",5.721958498152797e-17,2.3707893225071155e-17,-0.004447733507848564,2.25877191950552e-10,0.0,0.0
frozen_E14_three_strategy_game,finite_sample_exact_m2,0.11,2,"[0.5947284013072206,0.35462637850818535,0.050645220184594]",0.0006178218690226468,1.2486013644476238e-16,-0.004206737321615403,1.8802057133449068e-10,0.0001574573815374198,0.0042561812952660386
frozen_E14_three_strategy_game,classical,0.12,not_applicable,"[0.5952060514993919,0.35424705554250596,0.05054689295810216]",0.0,1.2518402724573207e-17,-0.0044477335078671465,1.4728657182772054e-10,0.0,0.0
frozen_E14_three_strategy_game,full_feedback_kernel,0.12,inf,"[0.5952060514993919,0.354247055542506,0.05054689295810217]",5.594315114139762e-17,1.1263319619541001e-17,-0.004447733514336437,7.246404171157295e-11,0.0,0.0
frozen_E14_three_strategy_game,finite_sample_exact_m2,0.12,2,"[0.5946395147230226,0.3546967054312048,0.05066377984577273]",0.0007326742017398404,1.7995915426811995e-16,-0.0041620453007906524,2.3782897179414064e-10,0.00018711705790926136,0.0046446790239807224
frozen_E14_three_strategy_game,classical,0.13,not_applicable,"[0.5952060514993919,0.35424705554250596,0.05054689295810216]",0.0,1.2518402724573207e-17,-0.0044477335078671465,1.4728657182772054e-10,0.0,0.0
frozen_E14_three_strategy_game,full_feedback_kernel,0.13,inf,"[0.5952060514993919,0.3542470555425059,0.05054689295810218]",5.721958498152797e-17,2.3707893225071155e-17,-0.004447733507853338,2.2587786502326068e-10,0.0,0.0
frozen_E14_three_strategy_game,finite_sample_exact_m2,0.13,2,"[0.5945435749049879,0.35477251792422004,0.05068390717079209]",0.0008565972491251583,2.546133727479649e-16,-0.004113867413299749,8.376205284932325e-11,0.00021925984798041746,0.005033581642051086
frozen_E14_three_strategy_game,classical,0.14,not_applicable,"[0.5952060514993919,0.35424705554250596,0.05054689295810216]",0.0,1.2518402724573207e-17,-0.0044477335078671465,1.4728657182772054e-10,0.0,0.0
frozen_E14_three_strategy_game,full_feedback_kernel,0.14,inf,"[0.5952060514993919,0.354247055542506,0.05054689295810217]",5.594315114139762e-17,1.1263319619541001e-17,-0.004447733514336562,7.245941346933904e-11,0.0,0.0
frozen_E14_three_strategy_game,finite_sample_exact_m2,0.14,2,"[0.5944407434425174,0.35485366539779567,0.05070559115968689]",0.0009893720521814853,2.9371968769766604e-16,-0.004062301387664259,1.2340542476785288e-10,0.00025386271955970554,0.005422920779715321
frozen_E14_three_strategy_game,classical,0.15,not_applicable,"[0.5952060514993919,0.35424705554250596,0.05054689295810216]",0.0,1.2518402724573207e-17,-0.0044477335078671465,1.4728657182772054e-10,0.0,0.0
frozen_E14_three_strategy_game,full_feedback_kernel,0.15,inf,"[0.5952060514993919,0.3542470555425059,0.05054689295810218]",5.721958498152797e-17,2.3707893225071155e-17,-0.004447733507858834,2.2587816339569855e-10,0.0,0.0
frozen_E14_three_strategy_game,finite_sample_exact_m2,0.15,2,"[0.5943311920204171,0.35493998783945213,0.05072882014013078]",0.0011307660127825052,4.1455380011711814e-16,-0.004007451782085343,7.172726301796217e-11,0.00029090116241302724,0.005812727599153742
frozen_E14_three_strategy_game,classical,0.16,not_applicable,"[0.5952060514993919,0.35424705554250596,0.05054689295810216]",0.0,1.2518402724573207e-17,-0.0044477335078671465,1.4728657182772054e-10,0.0,0.0
frozen_E14_three_strategy_game,full_feedback_kernel,0.16,inf,"[0.5952060514993919,0.354247055542506,0.05054689295810217]",5.594315114139762e-17,1.1263319619541001e-17,-0.004447733514336492,7.245430644342576e-11,0.0,0.0
frozen_E14_three_strategy_game,finite_sample_exact_m2,0.16,2,"[0.5942151018343502,0.3550313163574217,0.05075358180822815]",0.0012805336954664038,5.340204638548153e-16,-0.003949429690535841,6.468754698563117e-11,0.00033034926169685724,0.006203032772033366
frozen_E14_three_strategy_game,classical,0.17,not_applicable,"[0.5952060514993919,0.35424705554250596,0.05054689295810216]",0.0,1.2518402724573207e-17,-0.0044477335078671465,1.4728657182772054e-10,0.0,0.0
frozen_E14_three_strategy_game,full_feedback_kernel,0.17,inf,"[0.5952060514993919,0.3542470555425059,0.05054689295810218]",5.721958498152797e-17,2.3707893225071155e-17,-0.00444773350786519,2.2587919729089023e-10,0.0,0.0
frozen_E14_three_strategy_game,finite_sample_exact_m2,0.17,2,"[0.5940926629858946,0.3551274737440497,0.05077986327005575]",0.0014384176576533474,6.479046474399045e-16,-0.003888352528888646,1.235445148961567e-10,0.00037217977339482294,0.006593866459477175
frozen_E14_three_strategy_game,classical,0.18,not_applicable,"[0.5952060514993919,0.35424705554250596,0.05054689295810216]",0.0,1.2518402724573207e-17,-0.0044477335078671465,1.4728657182772054e-10,0.0,0.0
frozen_E14_three_strategy_game,full_feedback_kernel,0.18,inf,"[0.5952060514993919,0.354247055542506,0.05054689295810217]",5.594315114139762e-17,1.1263319619540998e-17,-0.004447733514336805,7.244831123909279e-11,0.0,0.0
frozen_E14_three_strategy_game,finite_sample_exact_m2,0.18,2,"[0.5939640738609591,0.3552282750554164,0.050807651083624485]",0.00160414930318509,8.551857107853485e-16,-0.0038243436844077883,1.492735796082556e-10,0.00041636420124521435,0.006985258294456984
frozen_E14_three_strategy_game,classical,0.19,not_applicable,"[0.5952060514993919,0.35424705554250596,0.05054689295810216]",0.0,1.2518402724573207e-17,-0.0044477335078671465,1.4728657182772054e-10,0.0,0.0
frozen_E14_three_strategy_game,full_feedback_kernel,0.19,inf,"[0.5952060514993919,0.3542470555425059,0.05054689295810218]",5.721958498152797e-17,2.3707893225071158e-17,-0.004447733507872337,2.2587962750231227e-10,0.0,0.0
frozen_E14_three_strategy_game,finite_sample_exact_m2,0.19,2,"[0.5938295404952524,0.3553335282037971,0.05083693130095054]",0.0017774497541625162,1.0517425949849956e-15,-0.003757532208303563,1.5073759601635928e-10,0.00046287287467161516,0.007377237366586812
frozen_E14_three_strategy_game,classical,0.2,not_applicable,"[0.5952060514993919,0.35424705554250596,0.05054689295810216]",0.0,1.2518402724573207e-17,-0.0044477335078671465,1.4728657182772054e-10,0.0,0.0
frozen_E14_three_strategy_game,full_feedback_kernel,0.2,inf,"[0.5952060514993919,0.354247055542506,0.05054689295810217]",5.594315114139762e-17,1.1263319619541001e-17,-0.004447733514336728,7.244174704545969e-11,0.0,0.0
frozen_E14_three_strategy_game,finite_sample_exact_m2,0.2,2,"[0.5936892759304041,0.3554430345596498,0.050867689509946065]",0.001958030736173847,1.3183726854391438e-15,-0.0036880524700888193,1.2506991275973434e-10,0.0005116750272546092,0.007769832209273662
frozen_E14_three_strategy_game,classical,0.21,not_applicable,"[0.5952060514993919,0.35424705554250596,0.05054689295810216]",0.0,1.2518402724573207e-17,-0.0044477335078671465,1.4728657182772054e-10,0.0,0.0
frozen_E14_three_strategy_game,full_feedback_kernel,0.21,inf,"[0.5952060514993919,0.3542470555425059,0.05054689295810218]",5.721958498152797e-17,2.3707893225071155e-17,-0.004447733507880303,2.2588008546930993e-10,0.0,0.0
frozen_E14_three_strategy_game,finite_sample_exact_m2,0.21,2,"[0.5935434995642288,0.35555658955990754,0.05089991087586373]",0.00214559547214919,1.5610368886853183e-15,-0.003616043795697542,6.719917677866505e-11,0.0005627388753155128,0.008163070789164466
frozen_E14_three_strategy_game,classical,0.22,not_applicable,"[0.5952060514993919,0.35424705554250596,0.05054689295810216]",0.0,1.2518402724573207e-17,-0.0044477335078671465,1.4728657182772054e-10,0.0,0.0
frozen_E14_three_strategy_game,full_feedback_kernel,0.22,inf,"[0.5952060514993919,0.354247055542506,0.05054689295810217]",5.594315114139762e-17,1.1263319619541001e-17,-0.004447733514336902,7.243455141248134e-11,0.0,0.0
frozen_E14_three_strategy_game,finite_sample_exact_m2,0.22,2,"[0.5933924364984646,0.3556739833194802,0.05093358018205521]",0.00233983958028269,1.8732512006974832e-15,-0.003541650090874926,7.491712111784565e-11,0.0006160316962167875,0.008556980497812259
frozen_E14_three_strategy_game,classical,0.23,not_applicable,"[0.5952060514993919,0.35424705554250596,0.05054689295810216]",0.0,1.2518402724573207e-17,-0.0044477335078671465,1.4728657182772054e-10,0.0,0.0
frozen_E14_three_strategy_game,full_feedback_kernel,0.23,inf,"[0.5952060514993919,0.3542470555425059,0.05054689295810218]",5.721958498152797e-17,2.3707893225071155e-17,-0.004447733507888921,2.2588135528689435e-10,0.0,0.0
frozen_E14_three_strategy_game,finite_sample_exact_m2,0.23,2,"[0.5932363168871707,0.35579500124299873,0.050968681869830654]",0.0025404519716604,2.2054726666451543e-15,-0.0034650193918244337,1.3797975262352935e-10,0.0006715199060190978,0.00895158814547094
frozen_E14_three_strategy_game,classical,0.24,not_applicable,"[0.5952060514993919,0.35424705554250596,0.05054689295810216]",0.0,1.2518402724573207e-17,-0.0044477335078671465,1.4728657182772054e-10,0.0,0.0
frozen_E14_three_strategy_game,full_feedback_kernel,0.24,inf,"[0.5952060514993919,0.354247055542506,0.05054689295810217]",5.594315114139762e-17,1.1263319619541001e-17,-0.004447733514336791,7.242599575629782e-11,0.0,0.0
frozen_E14_three_strategy_game,finite_sample_exact_m2,0.24,2,"[0.5930753752887706,0.3559194246339958,0.05100520007723361]",0.0027471157434888595,2.6303708318876164e-15,-0.0033863035743024114,1.626787107800176e-10,0.0007291691361727485,0.00934691995691669
frozen_E14_three_strategy_game,classical,0.25,not_applicable,"[0.5952060514993919,0.35424705554250596,0.05054689295810216]",0.0,1.2518402724573207e-17,-0.0044477335078671465,1.4728657182772054e-10,0.0,0.0
frozen_E14_three_strategy_game,full_feedback_kernel,0.25,inf,"[0.5952060514993919,0.3542470555425059,0.05054689295810218]",5.721958498152797e-17,2.3707893225071155e-17,-0.004447733507898559,2.2588211162632987e-10,0.0,0.0
frozen_E14_three_strategy_game,finite_sample_exact_m2,0.25,2,"[0.5929098500245491,0.3560470312988776,0.051043118676573254]",0.002959509064062474,3.0586733003059016e-15,-0.003305657777529586,2.380990196670929e-10,0.0007889443089576331,0.009743001569184732
frozen_E14_three_strategy_game,classical,0.26,not_applicable,"[0.5952060514993919,0.35424705554250596,0.05054689295810216]",0.0,1.2518402724573207e-17,-0.0044477335078671465,1.4728657182772054e-10,0.0,0.0
frozen_E14_three_strategy_game,full_feedback_kernel,0.26,inf,"[0.5952060514993919,0.354247055542506,0.05054689295810217]",5.594315114139762e-17,1.1263319619541001e-17,-0.004447733514336957,7.241737765006917e-11,0.0,0.0
frozen_E14_three_strategy_game,finite_sample_exact_m2,0.26,2,"[0.5927399825461954,0.35617759614322136,0.051082421310583076]",0.0031773060458887125,3.533102005026276e-15,-0.003223240063950958,1.6050689943813978e-10,0.0008508097114224161,0.010139858031103587
frozen_E14_three_strategy_game,classical,0.27,not_applicable,"[0.5952060514993919,0.35424705554250596,0.05054689295810216]",0.0,1.2518402724573207e-17,-0.0044477335078671465,1.4728657182772054e-10,0.0,0.0
frozen_E14_three_strategy_game,full_feedback_kernel,0.27,inf,"[0.5952060514993919,0.3542470555425059,0.05054689295810218]",5.721958498152797e-17,2.3707893225071155e-17,-0.004447733507908724,2.2588324960493011e-10,0.0,0.0
frozen_E14_three_strategy_game,finite_sample_exact_m2,0.27,2,"[0.5925660168147863,0.3563108917581137,0.05112309142709996]",0.003400177603662802,4.049686229308959e-15,-0.0031392109433581103,2.2554930839691067e-10,0.0009147290676088431,0.010537513804503249
frozen_E14_three_strategy_game,classical,0.28,not_applicable,"[0.5952060514993919,0.35424705554250596,0.05054689295810216]",0.0,1.2518402724573207e-17,-0.0044477335078671465,1.4728657182772054e-10,0.0,0.0
frozen_E14_three_strategy_game,full_feedback_kernel,0.28,inf,"[0.5952060514993919,0.354247055542506,0.05054689295810217]",5.594315114139762e-17,1.1263319619541001e-17,-0.004447733514337117,7.240803789887451e-11,0.0,0.0
frozen_E14_three_strategy_game,finite_sample_exact_m2,0.28,2,"[0.5923881986933828,0.35644668899443316,0.05116511231218416]",0.0036277922940725375,4.65453075151346e-15,-0.003053732933941393,1.0374760078812884e-10,0.0009806656088813535,0.010935992766971325
frozen_E14_three_strategy_game,classical,0.29,not_applicable,"[0.5952060514993919,0.35424705554250596,0.05054689295810216]",0.0,1.2518402724573207e-17,-0.0044477335078671465,1.4728657182772054e-10,0.0,0.0
frozen_E14_three_strategy_game,full_feedback_kernel,0.29,inf,"[0.5952060514993919,0.3542470555425059,0.05054689295810218]",5.721958498152797e-17,2.3707893225071155e-17,-0.00444773350791991,2.2588404063883516e-10,0.0,0.0
frozen_E14_three_strategy_game,finite_sample_exact_m2,0.29,2,"[0.592206775355209,0.3565847575231706,0.05120846712162051]",0.003859817134697258,5.296821832145673e-15,-0.0029669701030219514,1.5768426842033278e-10,0.0010485821422126678,0.011335318216029
frozen_E14_three_strategy_game,classical,0.3,not_applicable,"[0.5952060514993919,0.35424705554250596,0.05054689295810216]",0.0,1.2518402724573207e-17,-0.0044477335078671465,1.4728657182772054e-10,0.0,0.0
frozen_E14_three_strategy_game,full_feedback_kernel,0.3,inf,"[0.5952060514993919,0.354247055542506,0.05054689295810217]",5.594315114139762e-17,1.1263319619541001e-17,-0.004447733514337089,7.239758098576132e-11,0.0,0.0
frozen_E14_three_strategy_game,finite_sample_exact_m2,0.3,2,"[0.5920219947091646,0.3567248663800696,0.05125313891076582]",0.004095918399552661,5.996066982622521e-15,-0.0028790876327555656,8.005249935161274e-11,0.001118441116306642,0.011735512874599438
frozen_E14_three_strategy_game,classical,0.31,not_applicable,"[0.5952060514993919,0.35424705554250596,0.05054689295810216]",0.0,1.2518402724573207e-17,-0.0044477335078671465,1.4728657182772054e-10,0.0,0.0
frozen_E14_three_strategy_game,full_feedback_kernel,0.31,inf,"[0.5952060514993919,0.3542470555425059,0.05054689295810218]",5.721958498152797e-17,2.3707893225071158e-17,-0.004447733507931831,2.2588558107328183e-10,0.0,0.0
frozen_E14_three_strategy_game,finite_sample_exact_m2,0.31,2,"[0.59183410484422,0.35686678449305614,0.05129911066272367]",0.004335762389110044,6.735587262602842e-15,-0.002790251351372265,1.5075048154233883e-10,0.0011902046854658681,0.012136598897642289
frozen_E14_three_strategy_game,classical,0.32,not_applicable,"[0.5952060514993919,0.35424705554250596,0.05054689295810216]",0.0,1.2518402724573207e-17,-0.0044477335078671465,1.4728657182772054e-10,0.0,0.0
frozen_E14_three_strategy_game,full_feedback_kernel,0.32,inf,"[0.5952060514993919,0.354247055542506,0.05054689295810217]",5.594315114139762e-17,1.1263319619541001e-17,-0.00444773351433745,7.238693672251273e-11,0.0,0.0
frozen_E14_three_strategy_game,finite_sample_exact_m2,0.32,2,"[0.5916433534940398,0.35701028119111383,0.051346365314846286]",0.004579016172898028,7.563406887675271e-15,-0.0027006273183024787,1.4889599275758059e-10,0.0012638347711359944,0.01253859787983075
frozen_E14_three_strategy_game,classical,0.33,not_applicable,"[0.5952060514993919,0.35424705554250596,0.05054689295810216]",0.0,1.2518402724573207e-17,-0.0044477335078671465,1.4728657182772054e-10,0.0,0.0
frozen_E14_three_strategy_game,full_feedback_kernel,0.33,inf,"[0.5952060514993919,0.3542470555425059,0.05054689295810218]",5.721958498152797e-17,2.3707893225071155e-17,-0.0044477335079443625,2.258867884408211e-10,0.0,0.0
frozen_E14_three_strategy_game,finite_sample_exact_m2,0.33,2,"[0.5914499875229863,0.35715512669343624,0.05139488578357745]",0.004825348303053611,8.372090200056455e-15,-0.0026103813697638117,1.6273851710657539e-10,0.0013392931210805888,0.01294153086415134
frozen_E14_three_strategy_game,classical,0.34,not_applicable,"[0.5952060514993919,0.35424705554250596,0.05054689295810216]",0.0,1.2518402724573207e-17,-0.0044477335078671465,1.4728657182772054e-10,0.0,0.0
frozen_E14_three_strategy_game,full_feedback_kernel,0.34,inf,"[0.5952060514993919,0.354247055542506,0.05054689295810217]",5.594315114139762e-17,1.1263319619541001e-17,-0.004447733514337429,7.237504345836143e-11,0.0,0.0
frozen_E14_three_strategy_game,finite_sample_exact_m2,0.34,2,"[0.5912542524344669,0.3573010925778689,0.05144465498766411]",0.005074429497454195,9.256603816773015e-15,-0.002519678720697076,7.459639850271316e-11,0.0014165413661592387,0.013345418351310933
frozen_E14_three_strategy_game,classical,0.35,not_applicable,"[0.5952060514993919,0.35424705554250596,0.05054689295810216]",0.0,1.2518402724573207e-17,-0.0044477335078671465,1.4728657182772054e-10,0.0,0.0
frozen_E14_three_strategy_game,full_feedback_kernel,0.35,inf,"[0.5952060514993919,0.3542470555425059,0.05054689295810218]",5.721958498152797e-17,2.3707893225071155e-17,-0.004447733507957907,2.2588841214199462e-10,0.0,0.0
frozen_E14_three_strategy_game,finite_sample_exact_m2,0.35,2,"[0.5910563919024142,0.35744795222781156,0.051495655869774275]",0.005325933291297754,1.0220530341754336e-14,-0.0024286834764368423,2.281290226169297e-10,0.0014955410746989417,0.013750280309840861
frozen_E14_three_strategy_game,classical,0.36,not_applicable,"[0.5952060514993919,0.35424705554250596,0.05054689295810216]",0.0,1.2518402724573207e-17,-0.0044477335078671465,1.4728657182772054e-10,0.0,0.0
frozen_E14_three_strategy_game,full_feedback_kernel,0.36,inf,"[0.5952060514993919,0.354247055542506,0.05054689295810217]",5.594315114139762e-17,1.1263319619540998e-17,-0.004447733514337637,7.236253957154659e-11,0.0,0.0
frozen_E14_three_strategy_game,finite_sample_exact_m2,0.36,2,"[0.5908566473265123,0.35759548125691937,0.05154787141656826]",0.005579536656239485,1.1244634752081081e-14,-0.0023375583870881705,1.4281268528870683e-10,0.0015762538044620242,0.014156136186793443
frozen_E14_three_strategy_game,classical,0.37,not_applicable,"[0.5952060514993919,0.35424705554250596,0.05054689295810216]",0.0,1.2518402724573207e-17,-0.0044477335078671465,1.4728657182772054e-10,0.0,0.0
frozen_E14_three_strategy_game,full_feedback_kernel,0.37,inf,"[0.5952060514993919,0.3542470555425059,0.05054689295810218]",5.721958498152797e-17,2.3707893225071155e-17,-0.004447733507972597,2.2588989012639615e-10,0.0,0.0
frozen_E14_three_strategy_game,finite_sample_exact_m2,0.37,2,"[0.5906552574116328,0.35774345791108975,0.051601284677277405]",0.005834920586407866,1.2277862876053582e-14,-0.0022464643122315497,2.2619859457728708e-10,0.0016586411522267423,0.01456300491893247
frozen_E14_three_strategy_game,classical,0.38,not_applicable,"[0.5952060514993919,0.35424705554250596,0.05054689295810216]",0.0,1.2518402724573207e-17,-0.0044477335078671465,1.4728657182772054e-10,0.0,0.0
frozen_E14_three_strategy_game,full_feedback_kernel,0.38,inf,"[0.5952060514993919,0.354247055542506,0.05054689295810217]",5.594315114139762e-17,1.1263319619541001e-17,-0.004447733514337797,7.234950832879505e-11,0.0,0.0
frozen_E14_three_strategy_game,finite_sample_exact_m2,0.38,2,"[0.5904524577717857,0.3578916634473642,0.05165587878085019]",0.006091770650832815,1.3371384741181049e-14,-0.002155559934438854,1.1646481001825748e-10,0.0017426648010060435,0.01497090494432542
frozen_E14_three_strategy_game,classical,0.39,not_applicable,"[0.5952060514993919,0.35424705554250596,0.05054689295810216]",0.0,1.2518402724573207e-17,-0.0044477335078671465,1.4728657182772054e-10,0.0,0.0
frozen_E14_three_strategy_game,full_feedback_kernel,0.39,inf,"[0.5952060514993919,0.3542470555425059,0.05054689295810218]",5.721958498152797e-17,2.3707893225071155e-17,-0.004447733507987252,2.2589135423300988e-10,0.0,0.0
frozen_E14_three_strategy_game,finite_sample_exact_m2,0.39,2,"[0.5902484805587593,0.3580398824895116,0.05171163695172907]",0.006349777512009855,1.4482655370373925e-14,-0.0020650013997499522,2.337826668363796e-10,0.001828286564939174,0.015379854214251615
frozen_E14_three_strategy_game,classical,0.4,not_applicable,"[0.5952060514993919,0.35424705554250596,0.05054689295810216]",0.0,1.2518402724573207e-17,-0.0044477335078671465,1.4728657182772054e-10,0.0,0.0
frozen_E14_three_strategy_game,full_feedback_kernel,0.4,inf,"[0.5952060514993919,0.354247055542506,0.05054689295810217]",5.594315114139762e-17,1.1263319619541001e-17,-0.004447733514337887,7.233565135766895e-11,0.0,0.0
frozen_E14_three_strategy_game,finite_sample_exact_m2,0.4,2,"[0.5900435541154913,0.3581879033601841,0.05176854252432464]",0.006608637410505339,1.5691662363370895e-14,-0.0019749419831465997,1.4056284608487957e-10,0.0019154684318954728,0.01578987020534709
frozen_E14_three_strategy_game,classical,0.41,not_applicable,"[0.5952060514993919,0.35424705554250596,0.05054689295810216]",0.0,1.2518402724573207e-17,-0.0044477335078671465,1.4728657182772054e-10,0.0,0.0
frozen_E14_three_strategy_game,full_feedback_kernel,0.41,inf,"[0.5952060514993919,0.3542470555425059,0.05054689295810218]",5.721958498152797e-17,2.3707893225071155e-17,-0.004447733508003288,2.2589304732312243e-10,0.0,0.0
frozen_E14_three_strategy_game,finite_sample_exact_m2,0.41,2,"[0.5898379026540933,0.3583355183896519,0.05182657895625481]",0.006868052615672135,1.6927099144417124e-14,-0.0018855317934449306,1.416669767606571e-10,0.0020041726038363974,0.01620096993191325
frozen_E14_three_strategy_game,classical,0.42,not_applicable,"[0.5952060514993919,0.35424705554250596,0.05054689295810216]",0.0,1.2518402724573207e-17,-0.0044477335078671465,1.4728657182772054e-10,0.0,0.0
frozen_E14_three_strategy_game,full_feedback_kernel,0.42,inf,"[0.5952060514993919,0.354247055542506,0.05054689295810217]",5.594315114139762e-17,1.1263319619541001e-17,-0.004447733514338234,7.232090620812315e-11,0.0,0.0
frozen_E14_three_strategy_game,finite_sample_exact_m2,0.42,2,"[0.5896317459583483,0.3584825242012345,0.051885729840417213]",0.00712773184269916,1.8130421715253778e-14,-0.0017969174888583309,7.378905125809965e-11,0.0020943615349844173,0.01661316995832284
frozen_E14_three_strategy_game,classical,0.43,not_applicable,"[0.5952060514993919,0.35424705554250596,0.05054689295810216]",0.0,1.2518402724573207e-17,-0.0044477335078671465,1.4728657182772054e-10,0.0,0.0
frozen_E14_three_strategy_game,full_feedback_kernel,0.43,inf,"[0.5952060514993919,0.3542470555425059,0.05054689295810218]",5.721958498152797e-17,2.3707893225071155e-17,-0.004447733508019892,2.2589448367416054e-10,0.0,0.0
frozen_E14_three_strategy_game,finite_sample_exact_m2,0.43,2,"[0.5894252991103951,0.35862872197364193,0.051945978915962955]",0.007387390636355913,1.9403283068541303e-14,-0.001709241970192496,2.0548505952344698e-10,0.0021859979678504576,0.017026486411462996
frozen_E14_three_strategy_game,classical,0.44,not_applicable,"[0.5952060514993919,0.35424705554250596,0.05054689295810216]",0.0,1.2518402724573207e-17,-0.0044477335078671465,1.4728657182772054e-10,0.0,0.0
frozen_E14_three_strategy_game,full_feedback_kernel,0.44,inf,"[0.5952060514993919,0.354247055542506,0.05054689295810217]",5.594315114139762e-17,1.1263319619541001e-17,-0.0044477335143384145,7.230586268613948e-11,0.0,0.0
frozen_E14_three_strategy_game,finite_sample_exact_m2,0.44,2,"[0.5892187722412329,0.35877391768052946,0.05200731007823771]",0.00764675172191675,2.0690205218093265e-14,-0.0016226442336481836,7.87659590328893e-11,0.00227904496717306,0.017440934993160757
frozen_E14_three_strategy_game,classical,0.45,not_applicable,"[0.5952060514993919,0.35424705554250596,0.05054689295810216]",0.0,1.2518402724573207e-17,-0.0044477335078671465,1.4728657182772054e-10,0.0,0.0
frozen_E14_three_strategy_game,full_feedback_kernel,0.45,inf,"[0.5952060514993919,0.3542470555425059,0.05054689295810218]",5.721958498152797e-17,2.3707893225071158e-17,-0.004447733508037427,2.2589632248104508e-10,0.0,0.0
frozen_E14_three_strategy_game,finite_sample_exact_m2,0.45,2,"[0.5890123703045913,0.3589179223076531,0.05206970738775559]",0.007905545323868762,2.1994716651338938e-14,-0.0015372590422538315,1.373259284065398e-10,0.002373465951823236,0.017856530992542488
frozen_E14_three_strategy_game,classical,0.46,not_applicable,"[0.5952060514993919,0.35424705554250596,0.05054689295810216]",0.0,1.2518402724573207e-17,-0.0044477335078671465,1.4728657182772054e-10,0.0,0.0
frozen_E14_three_strategy_game,full_feedback_kernel,0.46,inf,"[0.5952060514993919,0.354247055542506,0.05054689295810217]",5.594315114139762e-17,1.1263319619541001e-17,-0.004447733514338484,7.229022935817397e-11,0.0,0.0
frozen_E14_three_strategy_game,finite_sample_exact_m2,0.46,2,"[0.588806292873648,0.3590605520480842,0.05213315507826772]",0.008163509453100935,2.3306651116429105e-14,-0.0014532167993977288,8.103800963610297e-11,0.0024692247247297926,0.01827328929828377
frozen_E14_three_strategy_game,classical,0.47,not_applicable,"[0.5952060514993919,0.35424705554250596,0.05054689295810216]",0.0,1.2518402724573207e-17,-0.0044477335078671465,1.4728657182772054e-10,0.0,0.0
frozen_E14_three_strategy_game,full_feedback_kernel,0.47,inf,"[0.5952060514993919,0.3542470555425059,0.05054689295810218]",5.721958498152797e-17,2.3707893225071152e-17,-0.004447733508055621,2.2589841108811015e-10,0.0,0.0
frozen_E14_three_strategy_game,finite_sample_exact_m2,0.47,2,"[0.5886007339600073,0.35920162847600656,0.05219763756398614]",0.008420390163367299,2.4608633654868657e-14,-0.0013706433541656876,7.771262799938228e-11,0.0025662855008788932,0.018691224410711756
frozen_E14_three_strategy_game,classical,0.48,not_applicable,"[0.5952060514993919,0.35424705554250596,0.05054689295810216]",0.0,1.2518402724573207e-17,-0.0044477335078671465,1.4728657182772054e-10,0.0,0.0
frozen_E14_three_strategy_game,full_feedback_kernel,0.48,inf,"[0.5952060514993919,0.354247055542506,0.05054689295810217]",5.594315114139762e-17,1.1263319619541001e-17,-0.004447733514338761,7.22735898905924e-11,0.0,0.0
frozen_E14_three_strategy_game,finite_sample_exact_m2,0.48,2,"[0.5883958818543026,0.35934097869967824,0.05226313944601915]",0.008675941777891261,2.591812843050094e-14,-0.0012896598274489343,1.4627340311212933e-10,0.002664612933441948,0.019110350453726138
frozen_E14_three_strategy_game,classical,0.49,not_applicable,"[0.5952060514993919,0.35424705554250596,0.05054689295810216]",0.0,1.2518402724573207e-17,-0.0044477335078671465,1.4728657182772054e-10,0.0,0.0
frozen_E14_three_strategy_game,full_feedback_kernel,0.49,inf,"[0.5952060514993919,0.3542470555425059,0.05054689295810218]",5.721958498152797e-17,2.3707893225071155e-17,-0.004447733508074772,2.2590033316172153e-10,0.0,0.0
frozen_E14_three_strategy_game,finite_sample_exact_m2,0.49,2,"[0.5881919189877393,0.35947843549418795,0.05232964551807275]",0.008929927087046355,2.7214775716260253e-14,-0.0012103825193289196,1.3377239593825863e-10,0.002764172138084716,0.019530681186510364
frozen_E14_three_strategy_game,classical,0.5,not_applicable,"[0.5952060514993919,0.35424705554250596,0.05054689295810216]",0.0,1.2518402724573207e-17,-0.0044477335078671465,1.4728657182772054e-10,0.0,0.0
frozen_E14_three_strategy_game,full_feedback_kernel,0.5,inf,"[0.5952060514993919,0.354247055542506,0.05054689295810217]",5.594315114139762e-17,1.1263319619541001e-17,-0.004447733514338893,7.225622877804483e-11,0.0,0.0
frozen_E14_three_strategy_game,finite_sample_exact_m2,0.5,2,"[0.5879890218138515,0.35961383741468017,0.0523971407714683]",0.009182117518107415,2.849706909074294e-14,-0.0011329227605421967,1.3515598015767516e-10,0.002864928715509379,0.01995223001500747
frozen_E14_three_strategy_game,classical,0.51,not_applicable,"[0.5952060514993919,0.35424705554250596,0.05054689295810216]",0.0,1.2518402724573207e-17,-0.0044477335078671465,1.4728657182772054e-10,0.0,0.0
frozen_E14_three_strategy_game,full_feedback_kernel,0.51,inf,"[0.5952060514993919,0.3542470555425059,0.05054689295810218]",5.721958498152797e-17,2.3707893225071155e-17,-0.004447733508094534,2.2590217890749997e-10,0.0,0.0
frozen_E14_three_strategy_game,finite_sample_exact_m2,0.51,2,"[0.5877873607097177,0.35974702889075777,0.052465610399524416]",0.009432293278110813,2.974986856853549e-14,-0.0010573868356635423,1.398559115739495e-10,0.0029668487722807283,0.02037501000314044
frozen_E14_three_strategy_game,classical,0.52,not_applicable,"[0.5952060514993919,0.35424705554250596,0.05054689295810216]",0.0,1.2518402724573207e-17,-0.0044477335078671465,1.4728657182772054e-10,0.0,0.0
frozen_E14_three_strategy_game,full_feedback_kernel,0.52,inf,"[0.5952060514993919,0.354247055542506,0.05054689295810217]",5.594315114139762e-17,1.1263319619541001e-17,-0.004447733514339143,7.223822234836419e-11,0.0,0.0
frozen_E14_three_strategy_game,finite_sample_exact_m2,0.52,2,"[0.5875870998958499,0.3598778603028032,0.05253503980134687]",0.009680243470905318,3.099555749157637e-14,-0.0009838759251405288,7.214019659418369e-11,0.003069898939986466,0.020799033883758727
frozen_E14_three_strategy_game,classical,0.53,not_applicable,"[0.5952060514993919,0.35424705554250596,0.05054689295810216]",0.0,1.2518402724573207e-17,-0.0044477335078671465,1.4728657182772054e-10,0.0,0.0
frozen_E14_three_strategy_game,full_feedback_kernel,0.53,inf,"[0.5952060514993919,0.3542470555425059,0.05054689295810218]",5.721958498152797e-17,2.3707893225071155e-17,-0.004447733508115309,2.259043715979736e-10,0.0,0.0
frozen_E14_three_strategy_game,finite_sample_exact_m2,0.53,2,"[0.5873883973739541,0.3600061880409774,0.05260541458506861]",0.009925766189499563,3.218302747427872e-14,-0.000912485968937754,8.020812139464262e-11,0.003174046392780497,0.021224314069297305
frozen_E14_three_strategy_game,classical,0.54,not_applicable,"[0.5952060514993919,0.35424705554250596,0.05054689295810216]",0.0,1.2518402724573207e-17,-0.0044477335078671465,1.4728657182772054e-10,0.0,0.0
frozen_E14_three_strategy_game,full_feedback_kernel,0.54,inf,"[0.5952060514993919,0.354247055542506,0.05054689295810217]",5.594315114139762e-17,1.1263319619541001e-17,-0.004447733514339171,7.221998693518472e-11,0.0,0.0
frozen_E14_three_strategy_game,finite_sample_exact_m2,0.54,2,"[0.5871914048817423,0.3601318745476811,0.05267672057057667]",0.010168668584840966,3.331413740616422e-14,-0.0008433077997658314,1.283869989487929e-10,0.003279258863356453,0.02165086266213643
frozen_E14_three_strategy_game,classical,0.55,not_applicable,"[0.5952060514993919,0.35424705554250596,0.05054689295810216]",0.0,1.2518402724573207e-17,-0.0044477335078671465,1.4728657182772054e-10,0.0,0.0
frozen_E14_three_strategy_game,full_feedback_kernel,0.55,inf,"[0.5952060514993919,0.3542470555425059,0.05054689295810218]",5.721958498152797e-17,2.3707893225071155e-17,-0.0044477335081367295,2.2590658510512895e-10,0.0,0.0
frozen_E14_three_strategy_game,finite_sample_exact_m2,0.55,2,"[0.5869962678639662,0.3602547883442707,0.05274894379176311]",0.010408766912172181,3.438201078579404e-14,-0.0007764269549779407,2.308299280884274e-10,0.00338550465739986,0.0220786914646538
frozen_E14_three_strategy_game,classical,0.56,not_applicable,"[0.5952060514993919,0.35424705554250596,0.05054689295810216]",0.0,1.2518402724573207e-17,-0.0044477335078671465,1.4728657182772054e-10,0.0,0.0
frozen_E14_three_strategy_game,full_feedback_kernel,0.56,inf,"[0.5952060514993919,0.354247055542506,0.05054689295810217]",5.594315114139762e-17,1.1263319619541001e-17,-0.0044477335143395386,7.220025965981591e-11,0.0,0.0
frozen_E14_three_strategy_game,finite_sample_exact_m2,0.56,2,"[0.5868031254588407,0.3603748040428283,0.05282207049833102]",0.010645886556118143,3.541750704053166e-14,-0.0007119237578150604,2.0384747015378402e-10,0.0034927526665631515,0.022507811988962474
frozen_E14_three_strategy_game,classical,0.57,not_applicable,"[0.5952060514993919,0.35424705554250596,0.05054689295810216]",0.0,1.2518402724573207e-17,-0.0044477335078671465,1.4728657182772054e-10,0.0,0.0
frozen_E14_three_strategy_game,full_feedback_kernel,0.57,inf,"[0.5952060514993919,0.3542470555425059,0.05054689295810218]",5.721958498152797e-17,2.3707893225071155e-17,-0.004447733508158878,2.2590858350657328e-10,0.0,0.0
frozen_E14_three_strategy_game,finite_sample_exact_m2,0.57,2,"[0.5866121104990187,0.36049180234379463,0.05289608715718666]",0.010879862035665334,3.6350064013446064e-14,-0.0006498733368899556,6.082813072683102e-11,0.0036009723800109437,0.02293823546633042
frozen_E14_three_strategy_game,classical,0.58,not_applicable,"[0.5952060514993919,0.35424705554250596,0.05054689295810216]",0.0,1.2518402724573207e-17,-0.0044477335078671465,1.4728657182772054e-10,0.0,0.0
frozen_E14_three_strategy_game,full_feedback_kernel,0.58,inf,"[0.5952060514993919,0.354247055542506,0.05054689295810217]",5.594315114139762e-17,1.1263319619541001e-17,-0.0044477335143396635,7.218028258426656e-11,0.0,0.0
frozen_E14_three_strategy_game,finite_sample_exact_m2,0.58,2,"[0.586423349526287,0.3606056700202676,0.052970980453445234]",0.0111105369901845,3.7251825987473114e-14,-0.0005903455440856714,1.0251346993506161e-10,0.0037101338945787483,0.023369972856279703
frozen_E14_three_strategy_game,classical,0.59,not_applicable,"[0.5952060514993919,0.35424705554250596,0.05054689295810216]",0.0,1.2518402724573207e-17,-0.0044477335078671465,1.4728657182772054e-10,0.0,0.0
frozen_E14_three_strategy_game,full_feedback_kernel,0.59,inf,"[0.5952060514993919,0.3542470555425059,0.05054689295810218]",5.721958498152797e-17,2.3707893225071158e-17,-0.004447733508181992,2.259112619196202e-10,0.0,0.0
frozen_E14_three_strategy_game,finite_sample_exact_m2,0.59,2,"[0.586236962819157,0.36071629988976744,0.053046737291075605]",0.01133776414764351,3.803652507646096e-14,-0.0005334052161763206,1.364162567629723e-10,0.003820207923590577,0.023803034855364388
frozen_E14_three_strategy_game,classical,0.6,not_applicable,"[0.5952060514993919,0.35424705554250596,0.05054689295810216]",0.0,1.2518402724573207e-17,-0.0044477335078671465,1.4728657182772054e-10,0.0,0.0
frozen_E14_three_strategy_game,full_feedback_kernel,0.6,inf,"[0.5952060514993919,0.354247055542506,0.05054689295810217]",5.594315114139762e-17,1.1263319619541001e-17,-0.0044477335143398924,7.215968794715977e-11,0.0,0.0
frozen_E14_three_strategy_game,finite_sample_exact_m2,0.6,2,"[0.586053064432531,0.36082359077426124,0.05312334479320786]",0.011561405276144417,3.873189760145796e-14,-0.0004791120011327747,1.3256964623287182e-10,0.0039311658043789145,0.024237431905628312
frozen_E14_three_strategy_game,classical,0.61,not_applicable,"[0.5952060514993919,0.35424705554250596,0.05054689295810216]",0.0,1.2518402724573207e-17,-0.0044477335078671465,1.4728657182772054e-10,0.0,0.0
frozen_E14_three_strategy_game,full_feedback_kernel,0.61,inf,"[0.5952060514993919,0.3542470555425059,0.05054689295810218]",5.721958498152797e-17,2.3707893225071155e-17,-0.0044477335082056466,2.2591314929876205e-10,0.0,0.0
frozen_E14_three_strategy_game,finite_sample_exact_m2,0.61,2,"[0.5858717622486441,0.36092744744923033,0.05320079030212551]",0.011781331119897601,3.935981707159909e-14,-0.0004275205497110933,1.7277658470593593e-10,0.004042979504550631,0.024673174202744945
frozen_E14_three_strategy_game,classical,0.62,not_applicable,"[0.5952060514993919,0.35424705554250596,0.05054689295810216]",0.0,1.2518402724573207e-17,-0.0044477335078671465,1.4728657182772054e-10,0.0,0.0
frozen_E14_three_strategy_game,full_feedback_kernel,0.62,inf,"[0.5952060514993919,0.354247055542506,0.05054689295810217]",5.594315114139762e-17,1.1263319619541001e-17,-0.004447733514340177,7.213794839255883e-11,0.0,0.0
frozen_E14_three_strategy_game,finite_sample_exact_m2,0.62,2,"[0.5856931580384896,0.3610277805825485,0.053279061378961906]",0.011997421320728847,3.985019784556168e-14,-0.00037868055137051104,2.0960579452666828e-10,0.004155621627042555,0.025110271703842887
frozen_E14_three_strategy_game,classical,0.63,not_applicable,"[0.5952060514993919,0.35424705554250596,0.05054689295810216]",0.0,1.2518402724573207e-17,-0.0044477335078671465,1.4728657182772054e-10,0.0,0.0
frozen_E14_three_strategy_game,full_feedback_kernel,0.63,inf,"[0.5952060514993919,0.3542470555425059,0.05054689295810218]",5.721958498152797e-17,2.3707893225071155e-17,-0.004447733508230245,2.259162371065493e-10,0.0,0.0
frozen_E14_three_strategy_game,finite_sample_exact_m2,0.63,2,"[0.5855173475329551,0.36112450666392465,0.05335814580312034]",0.012209564326190052,4.0249657432666374e-14,-0.0003326368227878525,1.3677105975551385e-10,0.004269065414009711,0.02554873413502111
frozen_E14_three_strategy_game,classical,0.64,not_applicable,"[0.5952060514993919,0.35424705554250596,0.05054689295810216]",0.0,1.2518402724573207e-17,-0.0044477335078671465,1.4728657182772054e-10,0.0,0.0
frozen_E14_three_strategy_game,full_feedback_kernel,0.64,inf,"[0.5952060514993919,0.354247055542506,0.05054689295810217]",5.594315114139762e-17,1.1263319619541001e-17,-0.004447733514340475,7.211572311538461e-11,0.0,0.0
frozen_E14_three_strategy_game,finite_sample_exact_m2,0.64,2,"[0.58534442050292,0.3612175479256457,0.05343803157143433]",0.012417657285312873,4.052529829965868e-14,-0.0002894294274414094,1.5610597536852566e-10,0.004383284749589304,0.025988570998559585
frozen_E14_three_strategy_game,classical,0.65,not_applicable,"[0.5952060514993919,0.35424705554250596,0.05054689295810216]",0.0,1.2518402724573207e-17,-0.0044477335078671465,1.4728657182772054e-10,0.0,0.0
frozen_E14_three_strategy_game,full_feedback_kernel,0.65,inf,"[0.5952060514993919,0.3542470555425059,0.05054689295810218]",5.721958498152797e-17,2.3707893225071155e-17,-0.00444773350825578,2.2591852694153758e-10,0.0,0.0
frozen_E14_three_strategy_game,finite_sample_exact_m2,0.65,2,"[0.5851744608475782,0.36130683225533705,0.053518706897084746]",0.012621605933022913,4.073026342144661e-14,-0.00024909373386526254,1.3287802802519622e-10,0.004498254161583723,0.02642979157983108
frozen_E14_three_strategy_game,classical,0.66,not_applicable,"[0.5952060514993919,0.35424705554250596,0.05054689295810216]",0.0,1.2518402724573207e-17,-0.0044477335078671465,1.4728657182772054e-10,0.0,0.0
frozen_E14_three_strategy_game,full_feedback_kernel,0.66,inf,"[0.5952060514993919,0.354247055542506,0.05054689295810217]",5.594315114139762e-17,1.1263319619541001e-17,-0.004447733514340732,7.209251945416995e-11,0.0,0.0
frozen_E14_three_strategy_game,finite_sample_exact_m2,0.66,2,"[0.5850075466902798,0.36139229310143145,0.05360016020828886]",0.012821324464189527,4.072651219001849e-14,-0.00021166055795647162,1.2442014779567856e-10,0.004613948822105651,0.026872404953920875
frozen_E14_three_strategy_game,classical,0.67,not_applicable,"[0.5952060514993919,0.35424705554250596,0.05054689295810216]",0.0,1.2518402724573207e-17,-0.0044477335078671465,1.4728657182772054e-10,0.0,0.0
frozen_E14_three_strategy_game,full_feedback_kernel,0.67,inf,"[0.5952060514993919,0.3542470555425059,0.05054689295810218]",5.721958498152797e-17,2.3707893225071155e-17,-0.004447733508281974,2.2592112902675154e-10,0.0,0.0
frozen_E14_three_strategy_game,finite_sample_exact_m2,0.67,2,"[0.5848437504812011,0.3614738693720237,0.05368238014677516]",0.013016735398264779,4.0656082787391395e-14,-0.00017715626832194922,1.2180089922764203e-10,0.00473034454722766,0.02731641999196167
frozen_E14_three_strategy_game,classical,0.68,not_applicable,"[0.5952060514993919,0.35424705554250596,0.05054689295810216]",0.0,1.2518402724573207e-17,-0.0044477335078671465,1.4728657182772054e-10,0.0,0.0
frozen_E14_three_strategy_game,full_feedback_kernel,0.68,inf,"[0.5952060514993919,0.354247055542506,0.05054689295810217]",5.594315114139762e-17,1.1263319619541001e-17,-0.0044477335143410165,7.206892027600276e-11,0.0,0.0
frozen_E14_three_strategy_game,finite_sample_exact_m2,0.68,2,"[0.584683139106187,0.36155150532775543,0.05376535556605762]",0.013207769435415802,4.046149509846332e-14,-0.00014560290654217628,1.1414579698110217e-10,0.004847417795680003,0.027761845367190698
frozen_E14_three_strategy_game,classical,0.69,not_applicable,"[0.5952060514993919,0.35424705554250596,0.05054689295810216]",0.0,1.2518402724573207e-17,-0.0044477335078671465,1.4728657182772054e-10,0.0,0.0
frozen_E14_three_strategy_game,full_feedback_kernel,0.69,inf,"[0.5952060514993919,0.3542470555425059,0.05054689295810218]",5.721958498152797e-17,2.3707893225071155e-17,-0.004447733508308814,2.2592396703435824e-10,0.0,0.0
frozen_E14_three_strategy_game,finite_sample_exact_m2,0.69,2,"[0.5845257740011216,0.36162515046935684,0.05384907552952151]",0.013394365305032812,4.0078018546379845e-14,-0.00011701834640835337,6.610357053404847e-11,0.0049651456666390675,0.02820868956073759
frozen_E14_three_strategy_game,classical,0.7,not_applicable,"[0.5952060514993919,0.35424705554250596,0.05054689295810216]",0.0,1.2518402724573207e-17,-0.0044477335078671465,1.4728657182772054e-10,0.0,0.0
frozen_E14_three_strategy_game,full_feedback_kernel,0.7,inf,"[0.5952060514993919,0.354247055542506,0.05054689295810217]",5.594315114139762e-17,1.1263319619541001e-17,-0.00444773351434128,7.204505741986722e-11,0.0,0.0
frozen_E14_three_strategy_game,finite_sample_exact_m2,0.7,2,"[0.5843717112712229,0.361694759420443,0.05393352930833403]",0.013576469607444743,3.9618237012515374e-14,-9.141626666651567e-05,1.1553761072868873e-10,0.005083505896648918,0.028656960867151096
frozen_E14_three_strategy_game,classical,0.71,not_applicable,"[0.5952060514993919,0.35424705554250596,0.05054689295810216]",0.0,1.2518402724573207e-17,-0.0044477335078671465,1.4728657182772054e-10,0.0,0.0
frozen_E14_three_strategy_game,full_feedback_kernel,0.71,inf,"[0.5952060514993919,0.3542470555425059,0.05054689295810218]",5.721958498152797e-17,2.3707893225071158e-17,-0.004447733508336625,2.2592664544740515e-10,0.0,0.0
frozen_E14_three_strategy_game,finite_sample_exact_m2,0.71,2,"[0.5842210018146732,0.36176029180613745,0.054018706379189374]",0.013754036649643142,3.8980729321420053e-14,-6.880659509436032e-05,1.737355120878803e-10,0.005202476855719306,0.02910666739967232
frozen_E14_three_strategy_game,classical,0.72,not_applicable,"[0.5952060514993919,0.35424705554250596,0.05054689295810216]",0.0,1.2518402724573207e-17,-0.0044477335078671465,1.4728657182772054e-10,0.0,0.0
frozen_E14_three_strategy_game,full_feedback_kernel,0.72,inf,"[0.5952060514993919,0.354247055542506,0.05054689295810217]",5.594315114139762e-17,1.1263319619540998e-17,-0.004447733514341495,7.201948759583132e-11,0.0,0.0
frozen_E14_three_strategy_game,finite_sample_exact_m2,0.72,2,"[0.5840736914500256,0.3618217121280735,0.05410459642190072]",0.013927028275778422,3.8199039088266196e-14,-4.9195334706993166e-05,1.4489677513385146e-10,0.005322037542642022,0.0295578170952637
frozen_E14_three_strategy_game,classical,0.73,not_applicable,"[0.5952060514993919,0.35424705554250596,0.05054689295810216]",0.0,1.2518402724573207e-17,-0.0044477335078671465,1.4728657182772054e-10,0.0,0.0
frozen_E14_three_strategy_game,full_feedback_kernel,0.73,inf,"[0.5952060514993919,0.3542470555425059,0.05054689295810218]",5.721958498152797e-17,2.3707893225071155e-17,-0.004447733508365033,2.2592960141620821e-10,0.0,0.0
frozen_E14_three_strategy_game,finite_sample_exact_m2,0.73,2,"[0.5839298210468602,0.3618789896362909,0.05419118931684897]",0.014095413693143414,3.727076886706078e-14,-3.258484588200203e-05,1.4036920237270323e-10,0.005442167579567949,0.03001041771940194
frozen_E14_three_strategy_game,classical,0.74,not_applicable,"[0.5952060514993919,0.35424705554250596,0.05054689295810216]",0.0,1.2518402724573207e-17,-0.0044477335078671465,1.4728657182772054e-10,0.0,0.0
frozen_E14_three_strategy_game,full_feedback_kernel,0.74,inf,"[0.5952060514993919,0.354247055542506,0.05054689295810217]",5.594315114139762e-17,1.1263319619541001e-17,-0.004447733514341946,7.199386226064419e-11,0.0,0.0
frozen_E14_three_strategy_game,finite_sample_exact_m2,0.74,2,"[0.5837894266591773,0.3619320981985245,0.05427847514229823]",0.014259169294332612,3.6228221813899236e-14,-1.897398001165715e-05,1.337679134127967e-10,0.005562847205886654,0.030464476870643402
frozen_E14_three_strategy_game,classical,0.75,not_applicable,"[0.5952060514993919,0.35424705554250596,0.05054689295810216]",0.0,1.2518402724573207e-17,-0.0044477335078671465,1.4728657182772054e-10,0.0,0.0
frozen_E14_three_strategy_game,full_feedback_kernel,0.75,inf,"[0.5952060514993919,0.3542470555425059,0.05054689295810218]",5.721958498152797e-17,2.3707893225071155e-17,-0.004447733508394648,2.2593253656832957e-10,0.0,0.0
frozen_E14_three_strategy_game,finite_sample_exact_m2,0.75,2,"[0.5836525396610568,0.3619810161673547,0.05436644417158848]",0.014418278476215667,3.501310068423433e-14,-8.35818759932494e-06,6.704207328178668e-11,0.005684057271450502,0.030920001984970642
frozen_E14_three_strategy_game,classical,0.76,not_applicable,"[0.5952060514993919,0.35424705554250596,0.05054689295810216]",0.0,1.2518402724573207e-17,-0.0044477335078671465,1.4728657182772054e-10,0.0,0.0
frozen_E14_three_strategy_game,full_feedback_kernel,0.76,inf,"[0.5952060514993919,0.354247055542506,0.05054689295810217]",5.594315114139762e-17,1.1263319619541001e-17,-0.004447733514342286,7.196743201376421e-11,0.0,0.0
frozen_E14_three_strategy_game,finite_sample_exact_m2,0.76,2,"[0.5835191868841235,0.36202572624566237,0.05445508687021413]",0.014572731456333931,3.368892631253276e-14,-7.296901876965856e-07,1.2471489813092873e-10,0.00580577922918385,0.03137700033992853
frozen_E14_three_strategy_game,classical,0.77,not_applicable,"[0.5952060514993919,0.35424705554250596,0.05054689295810216]",0.0,1.2518402724573207e-17,-0.0044477335078671465,1.4728657182772054e-10,0.0,0.0
frozen_E14_three_strategy_game,full_feedback_kernel,0.77,inf,"[0.5952060514993919,0.3542470555425059,0.05054689295810218]",5.721958498152797e-17,2.3707893225071155e-17,-0.004447733508424957,2.2593540233151188e-10,0.0,0.0
frozen_E14_three_strategy_game,finite_sample_exact_m2,0.77,2,"[0.5833893907563972,0.3620662153508048,0.054544393892798054]",0.014722525087281817,3.2167786562261624e-14,3.922412461609959e-06,1.333162746863792e-10,0.00592799512711812,0.031835479058558214
frozen_E14_three_strategy_game,classical,0.78,not_applicable,"[0.5952060514993919,0.35424705554250596,0.05054689295810216]",0.0,1.2518402724573207e-17,-0.0044477335078671465,1.4728657182772054e-10,0.0,0.0
frozen_E14_three_strategy_game,full_feedback_kernel,0.78,inf,"[0.5952060514993919,0.354247055542506,0.05054689295810217]",5.594315114139762e-17,1.1263319619541001e-17,-0.004447733514342356,7.194030093859993e-11,0.0,0.0
frozen_E14_three_strategy_game,finite_sample_exact_m2,0.78,2,"[0.5832631694421212,0.36210247447790866,0.05463435607997002]",0.014867662669605835,3.057146982496173e-14,5.611965486658488e-06,1.8679901028773038e-10,0.006050687599893349,0.03229544511313759
frozen_E14_three_strategy_game,classical,0.79,not_applicable,"[0.5952060514993919,0.35424705554250596,0.05054689295810216]",0.0,1.2518402724573207e-17,-0.0044477335078671465,1.4728657182772054e-10,0.0,0.0
frozen_E14_three_strategy_game,full_feedback_kernel,0.79,inf,"[0.5952060514993919,0.3542470555425059,0.05054689295810218]",5.721958498152797e-17,2.3707893225071152e-17,-0.004447733508455835,2.259384762615113e-10,0.0,0.0
frozen_E14_three_strategy_game,finite_sample_exact_m2,0.79,2,"[0.5831405369821983,0.362134498562644,0.05472496445515775]",0.015008153763706008,2.880659199265178e-14,4.3556489965207446e-06,7.335632101757028e-11,0.006173839859764571,0.03275690532873582
frozen_E14_three_strategy_game,classical,0.8,not_applicable,"[0.5952060514993919,0.35424705554250596,0.05054689295810216]",0.0,1.2518402724573207e-17,-0.0044477335078671465,1.4728657182772054e-10,0.0,0.0
frozen_E14_three_strategy_game,full_feedback_kernel,0.8,inf,"[0.5952060514993919,0.354247055542506,0.05054689295810217]",5.594315114139762e-17,1.1263319619541001e-17,-0.004447733514342696,7.191224699054644e-11,0.0,0.0
frozen_E14_three_strategy_game,finite_sample_exact_m2,0.8,2,"[0.5830215034348731,0.362162286343827,0.05481621022129982]",0.015144014001201484,2.6877845125917297e-14,1.7283096309314572e-07,1.2038940330749703e-10,0.006297435687153164,0.03321986638659068
frozen_E14_three_strategy_game,classical,0.81,not_applicable,"[0.5952060514993919,0.35424705554250596,0.05054689295810216]",0.0,1.2518402724573207e-17,-0.0044477335078671465,1.4728657182772054e-10,0.0,0.0
frozen_E14_three_strategy_game,full_feedback_kernel,0.81,inf,"[0.5952060514993919,0.3542470555425059,0.05054689295810218]",5.721958498152797e-17,2.3707893225071155e-17,-0.004447733508487553,2.2594160570266197e-10,0.0,0.0
frozen_E14_three_strategy_game,finite_sample_exact_m2,0.81,2,"[0.5829060750163413,0.3621858402261711,0.05490808475748749]",0.015275264896171847,2.4891090974432726e-14,-6.914573574406946e-06,1.5157255658926339e-10,0.006421459420779807,0.03368433482731565
frozen_E14_three_strategy_game,classical,0.82,not_applicable,"[0.5952060514993919,0.35424705554250596,0.05054689295810216]",0.0,1.2518402724573207e-17,-0.0044477335078671465,1.4728657182772054e-10,0.0,0.0
frozen_E14_three_strategy_game,full_feedback_kernel,0.82,inf,"[0.5952060514993919,0.354247055542506,0.05054689295810217]",5.594315114139762e-17,1.1263319619540998e-17,-0.0044477335143430705,7.188387385337336e-11,0.0,0.0
frozen_E14_three_strategy_game,finite_sample_exact_m2,0.82,2,"[0.5827942542409725,0.36220516614348336,0.05500057961554415]",0.015401933656660503,2.26814713739261e-14,-1.688223685107279e-05,9.466557399084863e-11,0.00654589594741717,0.03415031705394515
frozen_E14_three_strategy_game,classical,0.83,not_applicable,"[0.5952060514993919,0.35424705554250596,0.05054689295810216]",0.0,1.2518402724573207e-17,-0.0044477335078671465,1.4728657182772054e-10,0.0,0.0
frozen_E14_three_strategy_game,full_feedback_kernel,0.83,inf,"[0.5952060514993919,0.3542470555425059,0.05054689295810218]",5.721958498152797e-17,2.3707893225071155e-17,-0.0044477335085202074,2.2594515147744687e-10,0.0,0.0
frozen_E14_three_strategy_game,finite_sample_exact_m2,0.83,2,"[0.5826860400608653,0.36222027342258434,0.05509368651655039]",0.015524052996791248,2.0418090570372902e-14,-2.9703573246175202e-05,6.266493920992211e-11,0.0066707306912980515,0.03461781933482512
frozen_E14_three_strategy_game,classical,0.84,not_applicable,"[0.5952060514993919,0.35424705554250596,0.05054689295810216]",0.0,1.2518402724573207e-17,-0.0044477335078671465,1.4728657182772054e-10,0.0,0.0
frozen_E14_three_strategy_game,full_feedback_kernel,0.84,inf,"[0.5952060514993919,0.354247055542506,0.05054689295810217]",5.594315114139762e-17,1.1263319619541001e-17,-0.004447733514343223,7.185453620994764e-11,0.0,0.0
frozen_E14_three_strategy_game,finite_sample_exact_m2,0.84,2,"[0.5825814280044739,0.36223117464820553,0.055187397347320546]",0.015641660949809247,1.8042129766111797e-14,-4.5349735351071785e-05,1.6591009122102207e-10,0.006795949603214414,0.03508684780635543
frozen_E14_three_strategy_game,classical,0.85,not_applicable,"[0.5952060514993919,0.35424705554250596,0.05054689295810216]",0.0,1.2518402724573207e-17,-0.0044477335078671465,1.4728657182772054e-10,0.0,0.0
frozen_E14_three_strategy_game,full_feedback_kernel,0.85,inf,"[0.5952060514993919,0.3542470555425059,0.05054689295810218]",5.721958498152797e-17,2.3707893225071155e-17,-0.004447733508553403,2.259485862299293e-10,0.0,0.0
frozen_E14_three_strategy_game,finite_sample_exact_m2,0.85,2,"[0.5824804103140616,0.3622378855290979,0.05528170415684035]",0.015754800682334494,1.5507351871043553e-14,-6.379001683651589e-05,1.423919107623739e-10,0.0069215391493418705,0.03555740847559262
frozen_E14_three_strategy_game,classical,0.86,not_applicable,"[0.5952060514993919,0.35424705554250596,0.05054689295810216]",0.0,1.2518402724573207e-17,-0.0044477335078671465,1.4728657182772054e-10,0.0,0.0
frozen_E14_three_strategy_game,full_feedback_kernel,0.86,inf,"[0.5952060514993919,0.354247055542506,0.05054689295810217]",5.594315114139762e-17,1.1263319619541001e-17,-0.004447733514343709,7.182426181584489e-11,0.0,0.0
frozen_E14_three_strategy_game,finite_sample_exact_m2,0.86,2,"[0.5823829760817607,0.3622404247655686,0.055376599152670625]",0.015863520310079822,1.2875583257541461e-14,-8.499172087324258e-05,7.276116514853825e-11,0.007047486299822467,0.03602950722271808
frozen_E14_three_strategy_game,classical,0.87,not_applicable,"[0.5952060514993919,0.35424705554250596,0.05054689295810216]",0.0,1.2518402724573207e-17,-0.0044477335078671465,1.4728657182772054e-10,0.0,0.0
frozen_E14_three_strategy_game,full_feedback_kernel,0.87,inf,"[0.5952060514993919,0.3542470555425059,0.05054689295810218]",5.721958498152797e-17,2.3707893225071155e-17,-0.004447733508587508,2.259521111880325e-10,0.0,0.0
frozen_E14_three_strategy_game,finite_sample_exact_m2,0.87,2,"[0.582289111384036,0.36223881391863905,0.055472074697324986]",0.015967872715254083,1.014531334965191e-14,-0.00010892033228934728,1.3996127867788033e-10,0.007173778517138324,0.036503149803379605
frozen_E14_three_strategy_game,classical,0.88,not_applicable,"[0.5952060514993919,0.35424705554250596,0.05054689295810216]",0.0,1.2518402724573207e-17,-0.0044477335078671465,1.4728657182772054e-10,0.0,0.0
frozen_E14_three_strategy_game,full_feedback_kernel,0.88,inf,"[0.5952060514993919,0.354247055542506,0.05054689295810217]",5.594315114139762e-17,1.1263319619541001e-17,-0.004447733514344049,7.179396660506043e-11,0.0,0.0
frozen_E14_three_strategy_game,finite_sample_exact_m2,0.88,2,"[0.5821987994143673,0.36223307728100523,0.05556812330462761]",0.016067915365847195,7.336145280269759e-15,-0.00013553977526515812,1.217037720602221e-10,0.0073004037443071814,0.03697834185091138
frozen_E14_three_strategy_game,classical,0.89,not_applicable,"[0.5952060514993919,0.35424705554250596,0.05054689295810216]",0.0,1.2518402724573207e-17,-0.0044477335078671465,1.4728657182772054e-10,0.0,0.0
frozen_E14_three_strategy_game,full_feedback_kernel,0.89,inf,"[0.5952060514993919,0.3542470555425059,0.05054689295810218]",5.721958498152797e-17,2.3707893225071158e-17,-0.004447733508622431,2.2595545573489417e-10,0.0,0.0
frozen_E14_three_strategy_game,finite_sample_exact_m2,0.89,2,"[0.5821120206139834,0.36222324174995896,0.055664737636057705]",0.016163710136960295,4.459283943458515e-15,-0.00016481237454298373,1.3427383163677753e-10,0.007427350392929415,0.037455088878439846
frozen_E14_three_strategy_game,classical,0.9,not_applicable,"[0.5952060514993919,0.35424705554250596,0.05054689295810216]",0.0,1.2518402724573207e-17,-0.0044477335078671465,1.4728657182772054e-10,0.0,0.0
frozen_E14_three_strategy_game,full_feedback_kernel,0.9,inf,"[0.5952060514993919,0.354247055542506,0.05054689295810217]",5.594315114139762e-17,1.1263319619541001e-17,-0.0044477335143445,7.176259586572087e-11,0.0,0.0
frozen_E14_three_strategy_game,finite_sample_exact_m2,0.9,2,"[0.5820287528004984,0.36220933670241506,0.05576191049708664]",0.01625532313432186,1.4113539537992997e-15,-0.00019669903453327364,6.762504445312345e-11,0.007554607331116019,0.0379333962808798
frozen_E14_three_strategy_game,classical,0.91,not_applicable,"[0.5952060514993919,0.35424705554250596,0.05054689295810216]",0.0,1.2518402724573207e-17,-0.0044477335078671465,1.4728657182772054e-10,0.0,0.0
frozen_E14_three_strategy_game,full_feedback_kernel,0.91,inf,"[0.5952060514993919,0.3542470555425059,0.05054689295810218]",5.721958498152797e-17,2.3707893225071152e-17,-0.004447733508658194,2.2595937620994988e-10,0.0,0.0
frozen_E14_three_strategy_game,finite_sample_exact_m2,0.91,2,"[0.581948971294312,0.36219139387217464,0.05585963483351332]",0.016342824520103945,1.642321547987511e-15,-0.00023115934357450033,1.060688412102273e-10,0.007682163871324158,0.0384132693368278
frozen_E14_three_strategy_game,classical,0.92,not_applicable,"[0.5952060514993919,0.35424705554250596,0.05054689295810216]",0.0,1.2518402724573207e-17,-0.0044477335078671465,1.4728657182772054e-10,0.0,0.0
frozen_E14_three_strategy_game,full_feedback_kernel,0.92,inf,"[0.5952060514993919,0.354247055542506,0.05054689295810217]",5.594315114139762e-17,1.1263319619541001e-17,-0.004447733514344736,7.173064225929338e-11,0.0,0.0
frozen_E14_three_strategy_game,finite_sample_exact_m2,0.92,2,"[0.5818726490426602,0.36216944722953587,0.05595790372780379]",0.016426288341123356,4.799395312150472e-15,-0.000268151677900421,1.1517609088684821e-10,0.007810009758127681,0.038894713210357056
frozen_E14_three_strategy_game,classical,0.93,not_applicable,"[0.5952060514993919,0.35424705554250596,0.05054689295810216]",0.0,1.2518402724573207e-17,-0.0044477335078671465,1.4728657182772054e-10,0.0,0.0
frozen_E14_three_strategy_game,full_feedback_kernel,0.93,inf,"[0.5952060514993919,0.3542470555425059,0.05054689295810218]",5.721958498152797e-17,2.3707893225071155e-17,-0.004447733508694492,2.2596304688482505e-10,0.0,0.0
frozen_E14_three_strategy_game,finite_sample_exact_m2,0.93,2,"[0.5817997567412043,0.36214353286335543,0.05605671039544033]",0.01650579235949892,7.966750633513043e-15,-0.00030763330532009026,1.945104043110657e-10,0.007938135155946732,0.039377732952719915
frozen_E14_three_strategy_game,classical,0.94,not_applicable,"[0.5952060514993919,0.35424705554250596,0.05054689295810216]",0.0,1.2518402724573207e-17,-0.0044477335078671465,1.4728657182772054e-10,0.0,0.0
frozen_E14_three_strategy_game,full_feedback_kernel,0.94,inf,"[0.5952060514993919,0.354247055542506,0.05054689295810217]",5.594315114139762e-17,1.1263319619540998e-17,-0.004447733514345152,7.16974674075388e-11,0.0,0.0
frozen_E14_three_strategy_game,finite_sample_exact_m2,0.94,2,"[0.5817302629530705,0.3621136888656448,0.056156048181284696]",0.016581417885803394,1.1300312191820725e-14,-0.0003495604850072137,1.2436010554672805e-10,0.008066530636761337,0.03986233350396213
frozen_E14_three_strategy_game,classical,0.95,not_applicable,"[0.5952060514993919,0.35424705554250596,0.05054689295810216]",0.0,1.2518402724573207e-17,-0.0044477335078671465,1.4728657182772054e-10,0.0,0.0
frozen_E14_three_strategy_game,full_feedback_kernel,0.95,inf,"[0.5952060514993919,0.3542470555425059,0.05054689295810218]",5.721958498152797e-17,2.3707893225071152e-17,-0.0044477335087321004,2.2596630122606598e-10,0.0,0.0
frozen_E14_three_strategy_game,finite_sample_exact_m2,0.95,2,"[0.5816641342252583,0.36207995521878017,0.05625591055596146]",0.01665324961473648,1.4558119149509798e-14,-0.0003938885530425512,1.4503918899233526e-10,0.008195187167830981,0.0403485196944545
frozen_E14_three_strategy_game,classical,0.96,not_applicable,"[0.5952060514993919,0.35424705554250596,0.05054689295810216]",0.0,1.2518402724573207e-17,-0.0044477335078671465,1.4728657182772054e-10,0.0,0.0
frozen_E14_three_strategy_game,full_feedback_kernel,0.96,inf,"[0.5952060514993919,0.354247055542506,0.05054689295810217]",5.594315114139762e-17,1.1263319619541001e-17,-0.004447733514345499,7.16639109166195e-11,0.0,0.0
frozen_E14_three_strategy_game,finite_sample_exact_m2,0.96,2,"[0.5816013352023534,0.36204237368538245,0.05635629111226418]",0.016721375463314786,1.7933430851603027e-14,-0.0004405720314733137,1.28584198844095e-10,0.008324096099441843,0.040836296246345286
frozen_E14_three_strategy_game,classical,0.97,not_applicable,"[0.5952060514993919,0.35424705554250596,0.05054689295810216]",0.0,1.2518402724573207e-17,-0.0044477335078671465,1.4728657182772054e-10,0.0,0.0
frozen_E14_three_strategy_game,full_feedback_kernel,0.97,inf,"[0.5952060514993919,0.3542470555425059,0.05054689295810218]",5.721958498152797e-17,2.3707893225071155e-17,-0.004447733508770098,2.2597037435678757e-10,0.0,0.0
frozen_E14_three_strategy_game,finite_sample_exact_m2,0.97,2,"[0.581541828737483,0.3620009877009259,0.05645718356159112]",0.01678588641157026,2.136007626362106e-14,-0.0004895647043387241,1.8156776429578692e-10,0.008453249152702054,0.041325667774939
frozen_E14_three_strategy_game,classical,0.98,not_applicable,"[0.5952060514993919,0.35424705554250596,0.05054689295810216]",0.0,1.2518402724573207e-17,-0.0044477335078671465,1.4728657182772054e-10,0.0,0.0
frozen_E14_three_strategy_game,full_feedback_kernel,0.98,inf,"[0.5952060514993919,0.354247055542506,0.05054689295810217]",5.594315114139762e-17,1.1263319619541001e-17,-0.00444773351434577,7.16299866643233e-11,0.0,0.0
frozen_E14_three_strategy_game,finite_sample_exact_m2,0.98,2,"[0.5814855760004736,0.361955842269114,0.0565585817304125]",0.016846876345716664,2.4750585724597914e-14,-0.0005408197118425447,1.400835107634446e-10,0.008582638407404076,0.04181663879000476
frozen_E14_three_strategy_game,classical,0.99,not_applicable,"[0.5952060514993919,0.35424705554250596,0.05054689295810216]",0.0,1.2518402724573207e-17,-0.0044477335078671465,1.4728657182772054e-10,0.0,0.0
frozen_E14_three_strategy_game,full_feedback_kernel,0.99,inf,"[0.5952060514993919,0.3542470555425059,0.05054689295810218]",5.721958498152797e-17,2.3707893225071155e-17,-0.004447733508809011,2.259746972876897e-10,0.0,0.0
frozen_E14_three_strategy_game,finite_sample_exact_m2,0.99,2,"[0.5814325365831722,0.36190698386005365,0.056660479556774175]",0.01690444190373517,2.8228922272389583e-14,-0.0005942896310379628,1.357533807588851e-10,0.008712256289971855,0.04230921369701842
frozen_E14_three_strategy_game,classical,1.0,not_applicable,"[0.5952060514993919,0.35424705554250596,0.05054689295810216]",0.0,1.2518402724573207e-17,-0.0044477335078671465,1.4728657182772054e-10,0.0,0.0
frozen_E14_three_strategy_game,full_feedback_kernel,1.0,inf,"[0.5952060514993919,0.354247055542506,0.05054689295810217]",5.594315114139762e-17,1.1263319619541001e-17,-0.004447733514346311,7.159479953333658e-11,0.0,0.0
frozen_E14_three_strategy_game,finite_sample_exact_m2,1.0,2,"[0.5813826686019037,0.36185446031125473,0.0567628710868416]",0.01695868232331503,3.17193064195338e-14,-0.0006499265476431863,1.421140011226285e-10,0.00884209556150955,0.04280339679834251
frozen_E14_three_strategy_game,classical,1.01,not_applicable,"[0.5952060514993919,0.35424705554250596,0.05054689295810216]",0.0,1.2518402724573207e-17,-0.0044477335078671465,1.4728657182772054e-10,0.0,0.0
frozen_E14_three_strategy_game,full_feedback_kernel,1.01,inf,"[0.5952060514993919,0.3542470555425059,0.05054689295810218]",5.721958498152797e-17,2.3707893225071155e-17,-0.004447733508848584,2.2597847204597343e-10,0.0,0.0
frozen_E14_three_strategy_game,finite_sample_exact_m2,1.01,2,"[0.581335928797047,0.36179832073146645,0.05686575047148648]",0.017009699292067543,3.515573453783894e-14,-0.0007076821410214144,1.7234528387755077e-10,0.008972149305967653,0.04329919229434706
frozen_E14_three_strategy_game,classical,1.02,not_applicable,"[0.5952060514993919,0.35424705554250596,0.05054689295810216]",0.0,1.2518402724573207e-17,-0.0044477335078671465,1.4728657182772054e-10,0.0,0.0
frozen_E14_three_strategy_game,full_feedback_kernel,1.02,inf,"[0.5952060514993919,0.354247055542506,0.05054689295810217]",5.594315114139762e-17,1.1263319619541001e-17,-0.004447733514346505,7.155900871858023e-11,0.0,0.0
frozen_E14_three_strategy_game,finite_sample_exact_m2,1.02,2,"[0.5812922726297208,0.3617386154073591,0.05696911196292001]",0.017057596799919562,3.867136362325406e-14,-0.0007675077846219548,6.771073632338975e-11,0.00910241091844046,0.04379660428447507
frozen_E14_three_strategy_game,classical,1.03,not_applicable,"[0.5952060514993919,0.35424705554250596,0.05054689295810216]",0.0,1.2518402724573207e-17,-0.0044477335078671465,1.4728657182772054e-10,0.0,0.0
frozen_E14_three_strategy_game,full_feedback_kernel,1.03,inf,"[0.5952060514993919,0.3542470555425059,0.05054689295810218]",5.721958498152797e-17,2.3707893225071155e-17,-0.004447733508889044,2.2598264232120968e-10,0.0,0.0
frozen_E14_three_strategy_game,finite_sample_exact_m2,1.03,2,"[0.5812516543755709,0.36167539571305346,0.05707294991137559]",0.01710248099358806,4.2151115247416186e-14,-0.0008293544232811263,1.248142908472083e-10,0.009232874093608845,0.044295636768255854
frozen_E14_three_strategy_game,classical,1.04,not_applicable,"[0.5952060514993919,0.35424705554250596,0.05054689295810216]",0.0,1.2518402724573207e-17,-0.0044477335078671465,1.4728657182772054e-10,0.0,0.0
frozen_E14_three_strategy_game,full_feedback_kernel,1.04,inf,"[0.5952060514993919,0.354247055542506,0.05054689295810217]",5.594315114139762e-17,1.1263319619541001e-17,-0.004447733514347074,7.152294034806772e-11,0.0,0.0
frozen_E14_three_strategy_game,finite_sample_exact_m2,1.04,2,"[0.5812140272156686,0.3616087140224884,0.05717725876184302]",0.017144460033014012,4.5584970752838034e-14,-0.000893173052316891,1.7880513736301396e-10,0.009363532814339923,0.04479629364626902
frozen_E14_three_strategy_game,classical,1.05,not_applicable,"[0.5952060514993919,0.35424705554250596,0.05054689295810216]",0.0,1.2518402724573207e-17,-0.0044477335078671465,1.4728657182772054e-10,0.0,0.0
frozen_E14_three_strategy_game,full_feedback_kernel,1.05,inf,"[0.5952060514993919,0.3542470555425059,0.05054689295810218]",5.721958498152797e-17,2.3707893225071155e-17,-0.004447733508930421,2.2598670157414347e-10,0.0,0.0
frozen_E14_three_strategy_game,finite_sample_exact_m2,1.05,2,"[0.5811793433245265,0.3615386236246161,0.057282033050857356]",0.017183643949637728,4.909179142650786e-14,-0.0009589143885944049,5.952929468810986e-11,0.00949438134045564,0.045298578721062216
frozen_E14_three_strategy_game,classical,1.06,not_applicable,"[0.5952060514993919,0.35424705554250596,0.05054689295810216]",0.0,1.2518402724573207e-17,-0.0044477335078671465,1.4728657182772054e-10,0.0,0.0
frozen_E14_three_strategy_game,full_feedback_kernel,1.06,inf,"[0.5952060514993919,0.354247055542506,0.05054689295810217]",5.594315114139762e-17,1.1263319619541001e-17,-0.004447733514347317,7.14857825712123e-11,0.0,0.0
frozen_E14_three_strategy_game,finite_sample_exact_m2,1.06,2,"[0.5811475539552468,0.36146517864140887,0.05738726740334438]",0.017220144506384746,5.253056122142129e-14,-0.0010265289420792294,9.265167105754202e-11,0.009625414197679623,0.04580249569802563
frozen_E14_three_strategy_game,classical,1.07,not_applicable,"[0.5952060514993919,0.35424705554250596,0.05054689295810216]",0.0,1.2518402724573207e-17,-0.0044477335078671465,1.4728657182772054e-10,0.0,0.0
frozen_E14_three_strategy_game,full_feedback_kernel,1.07,inf,"[0.5952060514993919,0.3542470555425059,0.05054689295810218]",5.721958498152797e-17,2.3707893225071155e-17,-0.004447733508972526,2.2599115634402978e-10,0.0,0.0
frozen_E14_three_strategy_game,finite_sample_exact_m2,1.07,2,"[0.5811186095218247,0.3613884339486511,0.057492956529524304]",0.01725407505922342,5.5938585951077745e-14,-0.0010959674598834124,1.1994193485631577e-10,0.00975662616677265,0.04630804818622527
frozen_E14_three_strategy_game,classical,1.08,not_applicable,"[0.5952060514993919,0.35424705554250596,0.05054689295810216]",0.0,1.2518402724573207e-17,-0.0044477335078671465,1.4728657182772054e-10,0.0,0.0
frozen_E14_three_strategy_game,full_feedback_kernel,1.08,inf,"[0.5952060514993919,0.354247055542506,0.05054689295810217]",5.594315114139762e-17,1.1263319619541001e-17,-0.004447733514347893,7.1448326421919e-11,0.0,0.0
frozen_E14_three_strategy_game,finite_sample_exact_m2,1.08,2,"[0.5810924596786319,0.3613084450994918,0.057599095221876326]",0.017285550420154786,5.935279914277249e-14,-0.001167180570107628,6.533666663255389e-11,0.009888012272863978,0.046815239699198236
frozen_E14_three_strategy_game,classical,1.09,not_applicable,"[0.5952060514993919,0.35424705554250596,0.05054689295810216]",0.0,1.2518402724573207e-17,-0.0044477335078671465,1.4728657182772054e-10,0.0,0.0
frozen_E14_three_strategy_game,full_feedback_kernel,1.09,inf,"[0.5952060514993919,0.3542470555425059,0.05054689295810218]",5.721958498152797e-17,2.3707893225071155e-17,-0.004447733509015367,2.2599552784718924e-10,0.0,0.0
frozen_E14_three_strategy_game,finite_sample_exact_m2,1.09,2,"[0.581069053397108,0.3612252682507269,0.05770567835216499]",0.01731468672149171,6.268461634375201e-14,-0.0012401189073962052,1.166194259216713e-10,0.010019567774986905,0.047324073655711646
frozen_E14_three_strategy_game,classical,1.1,not_applicable,"[0.5952060514993919,0.35424705554250596,0.05054689295810216]",0.0,1.2518402724573207e-17,-0.0044477335078671465,1.4728657182772054e-10,0.0,0.0
frozen_E14_three_strategy_game,full_feedback_kernel,1.1,inf,"[0.5952060514993919,0.354247055542506,0.05054689295810217]",5.594315114139762e-17,1.1263319619541001e-17,-0.004447733514348351,7.140968372176815e-11,0.0,0.0
frozen_E14_three_strategy_game,finite_sample_exact_m2,1.1,2,"[0.581048339039697,0.3611389600917733,0.0578127008685297]",0.01734160128127859,6.601732476350084e-14,-0.001314733406394531,1.3275835639148248e-10,0.010151288155824487,0.04783455338048799
frozen_E14_three_strategy_game,classical,1.11,not_applicable,"[0.5952060514993919,0.35424705554250596,0.05054689295810216]",0.0,1.2518402724573207e-17,-0.0044477335078671465,1.4728657182772054e-10,0.0,0.0
frozen_E14_three_strategy_game,full_feedback_kernel,1.11,inf,"[0.5952060514993919,0.3542470555425059,0.05054689295810218]",5.721958498152797e-17,2.3707893225071155e-17,-0.0044477335090590195,2.259999132281365e-10,0.0,0.0
frozen_E14_three_strategy_game,finite_sample_exact_m2,1.11,2,"[0.581030264431062,0.3610495777762986,0.05792015779263927]",0.01736641246970984,6.929883682054198e-14,-0.0013909750624020098,1.299846758007206e-10,0.010283169111671335,0.04834668210489873
frozen_E14_three_strategy_game,classical,1.12,not_applicable,"[0.5952060514993919,0.35424705554250596,0.05054689295810216]",0.0,1.2518402724573207e-17,-0.0044477335078671465,1.4728657182772054e-10,0.0,0.0
frozen_E14_three_strategy_game,full_feedback_kernel,1.12,inf,"[0.5952060514993919,0.354247055542506,0.05054689295810217]",5.594315114139762e-17,1.1263319619541001e-17,-0.0044477335143488575,7.13708814270575e-11,0.0,0.0
frozen_E14_three_strategy_game,finite_sample_exact_m2,1.12,2,"[0.5810147769266226,0.36095717885646544,0.058028044216911955]",0.01738923957640072,7.25095475505543e-14,-0.0014687951022474312,1.0064114819297032e-10,0.01041520654261707,0.0488604629676284
frozen_E14_three_strategy_game,classical,1.13,not_applicable,"[0.5952060514993919,0.35424705554250596,0.05054689295810216]",0.0,1.2518402724573207e-17,-0.0044477335078671465,1.4728657182772054e-10,0.0,0.0
frozen_E14_three_strategy_game,full_feedback_kernel,1.13,inf,"[0.5952060514993919,0.3542470555425059,0.05054689295810218]",5.721958498152797e-17,2.3707893225071155e-17,-0.004447733509103553,2.2600422922014474e-10,0.0,0.0
frozen_E14_three_strategy_game,finite_sample_exact_m2,1.13,2,"[0.5810018234784549,0.3608618212197433,0.058136355301801904]",0.01741020267837126,7.57239359708086e-14,-0.0015481450308413372,1.5172961845277833e-10,0.010547396542954378,0.049375899015310684
frozen_E14_three_strategy_game,classical,1.14,not_applicable,"[0.5952060514993919,0.35424705554250596,0.05054689295810216]",0.0,1.2518402724573207e-17,-0.0044477335078671465,1.4728657182772054e-10,0.0,0.0
frozen_E14_three_strategy_game,full_feedback_kernel,1.14,inf,"[0.5952060514993919,0.354247055542506,0.05054689295810217]",5.594315114139762e-17,1.1263319619541001e-17,-0.004447733514349066,7.133046930896114e-11,0.0,0.0
frozen_E14_three_strategy_game,finite_sample_exact_m2,1.14,2,"[0.5809913506986006,0.36076356302824614,0.058245086273153224]",0.017429422508609387,7.881974177385781e-14,-0.0016289766178006204,1.081153985782457e-10,0.010679735391816629,0.04989299320313888
frozen_E14_three_strategy_game,classical,1.15,not_applicable,"[0.5952060514993919,0.35424705554250596,0.05054689295810216]",0.0,1.2518402724573207e-17,-0.0044477335078671465,1.4728657182772054e-10,0.0,0.0
frozen_E14_three_strategy_game,full_feedback_kernel,1.15,inf,"[0.5952060514993919,0.3542470555425059,0.05054689295810218]",5.721958498152797e-17,2.3707893225071155e-17,-0.004447733509148774,2.2600903093472624e-10,0.0,0.0
frozen_E14_three_strategy_game,finite_sample_exact_m2,1.15,2,"[0.5809833049198363,0.36066246266054236,0.058354232419621364]",0.017447020325081497,8.190256425305046e-14,-0.0017112419829748912,6.463194909822612e-11,0.010812219544046608,0.05041174839545174
frozen_E14_three_strategy_game,classical,1.16,not_applicable,"[0.5952060514993919,0.35424705554250596,0.05054689295810216]",0.0,1.2518402724573207e-17,-0.0044477335078671465,1.4728657182772054e-10,0.0,0.0
frozen_E14_three_strategy_game,full_feedback_kernel,1.16,inf,"[0.5952060514993919,0.354247055542506,0.05054689295810217]",5.594315114139762e-17,1.1263319619541001e-17,-0.0044477335143497596,7.12900780075465e-11,0.0,0.0
frozen_E14_three_strategy_game,finite_sample_exact_m2,1.16,2,"[0.5809776322539456,0.36055857865589114,0.05846378909016326]",0.017463117780076528,8.49687632137312e-14,-0.001794893602297759,1.7062390389455118e-10,0.010944845621299474,0.050932167366297056
frozen_E14_three_strategy_game,classical,1.17,not_applicable,"[0.5952060514993919,0.35424705554250596,0.05054689295810216]",0.0,1.2518402724573207e-17,-0.0044477335078671465,1.4728657182772054e-10,0.0,0.0
frozen_E14_three_strategy_game,full_feedback_kernel,1.17,inf,"[0.5952060514993919,0.3542470555425059,0.05054689295810218]",5.721958498152797e-17,2.3707893225071155e-17,-0.004447733509194876,2.2601329835447714e-10,0.0,0.0
frozen_E14_three_strategy_game,finite_sample_exact_m2,1.17,2,"[0.5809742786475525,0.3604519696608521,0.05857375169159559]",0.017477836789770745,8.791386957085301e-14,-0.001879884348217998,1.3298193796140723e-10,0.011077610403381016,0.051454252799974017
frozen_E14_three_strategy_game,classical,1.18,not_applicable,"[0.5952060514993919,0.35424705554250596,0.05054689295810216]",0.0,1.2518402724573207e-17,-0.0044477335078671465,1.4728657182772054e-10,0.0,0.0
frozen_E14_three_strategy_game,full_feedback_kernel,1.18,inf,"[0.5952060514993919,0.354247055542506,0.05054689295810217]",5.594315114139762e-17,1.1263319619541001e-17,-0.004447733514350252,7.124878464992435e-11,0.0,0.0
frozen_E14_three_strategy_game,finite_sample_exact_m2,1.18,2,"[0.5809731899355652,0.3603426943782132,0.05868411568622157]",0.017491299403916766,9.082253667855766e-14,-0.001966167498678395,1.873548191588803e-10,0.011210510819822272,0.051978007291555606
frozen_E14_three_strategy_game,classical,1.19,not_applicable,"[0.5952060514993919,0.35424705554250596,0.05054689295810216]",0.0,1.2518402724573207e-17,-0.0044477335078671465,1.4728657182772054e-10,0.0,0.0
frozen_E14_three_strategy_game,full_feedback_kernel,1.19,inf,"[0.5952060514993919,0.3542470555425059,0.05054689295810218]",5.721958498152797e-17,2.3707893225071155e-17,-0.004447733509241429,2.2601808619127084e-10,0.0,0.0
frozen_E14_three_strategy_game,finite_sample_exact_m2,1.19,2,"[0.5809743118922849,0.3602308115181883,0.058794876589526764]",0.017503627675578007,9.365936544715753e-14,-0.0020536967979936163,1.1809685868113817e-10,0.011343543941691172,0.052503433347393214
frozen_E14_three_strategy_game,classical,1.2,not_applicable,"[0.5952060514993919,0.35424705554250596,0.05054689295810216]",0.0,1.2518402724573207e-17,-0.0044477335078671465,1.4728657182772054e-10,0.0,0.0
frozen_E14_three_strategy_game,full_feedback_kernel,1.2,inf,"[0.5952060514993919,0.354247055542506,0.05054689295810217]",5.594315114139762e-17,1.1263319619541001e-17,-0.004447733514350613,7.12069708752594e-11,0.0,0.0
frozen_E14_three_strategy_game,finite_sample_exact_m2,1.2,2,"[0.5809775902802327,0.36011637975182403,0.05890602996794314]",0.017514943530839547,9.64445366491858e-14,-0.002142426454347021,9.523828947699542e-11,0.011476706973641285,0.05303053338560407
frozen_E14_three_strategy_game,classical,1.21,not_applicable,"[0.5952060514993919,0.35424705554250596,0.05054689295810216]",0.0,1.2518402724573207e-17,-0.0044477335078671465,1.4728657182772054e-10,0.0,0.0
frozen_E14_three_strategy_game,full_feedback_kernel,1.21,inf,"[0.5952060514993919,0.3542470555425059,0.05054689295810218]",5.721958498152797e-17,2.3707893225071155e-17,-0.004447733509289252,2.2602277688354988e-10,0.0,0.0
frozen_E14_three_strategy_game,finite_sample_exact_m2,1.21,2,"[0.5809829708967547,0.35999945766656394,0.05901757143668131]",0.017525368638446545,9.91556386790263e-14,-0.0022323111763494427,7.505379651107091e-11,0.011609997246196116,0.05355930973654263
frozen_E14_three_strategy_game,classical,1.22,not_applicable,"[0.5952060514993919,0.35424705554250596,0.05054689295810216]",0.0,1.2518402724573207e-17,-0.0044477335078671465,1.4728657182772054e-10,0.0,0.0
frozen_E14_three_strategy_game,full_feedback_kernel,1.22,inf,"[0.5952060514993919,0.354247055542506,0.05054689295810217]",5.594315114139762e-17,1.1263319619541001e-17,-0.004447733514351279,7.116438688337112e-11,0.0,0.0
frozen_E14_three_strategy_game,finite_sample_exact_m2,1.22,2,"[0.5809903996184542,0.3598801037239149,0.05912949665763087]",0.017535024279345734,1.0175066839361986e-13,-0.0023233061889223645,1.7567249391281514e-10,0.011743412208270123,0.054089764643257834
frozen_E14_three_strategy_game,classical,1.23,not_applicable,"[0.5952060514993919,0.35424705554250596,0.05054689295810216]",0.0,1.2518402724573207e-17,-0.0044477335078671465,1.4728657182772054e-10,0.0,0.0
frozen_E14_three_strategy_game,full_feedback_kernel,1.23,inf,"[0.5952060514993919,0.3542470555425059,0.05054689295810218]",5.721958498152797e-17,2.3707893225071155e-17,-0.004447733509337581,2.2602791166503877e-10,0.0,0.0
frozen_E14_three_strategy_game,finite_sample_exact_m2,1.23,2,"[0.5809998224435153,0.35975837621915646,0.05924180133732815]",0.01754403121611565,1.0436914181352614e-13,-0.002415367256029772,1.1700353186316903e-10,0.011876949419922615,0.054621900261936605
frozen_E14_three_strategy_game,classical,1.24,not_applicable,"[0.5952060514993919,0.35424705554250596,0.05054689295810216]",0.0,1.2518402724573207e-17,-0.0044477335078671465,1.4728657182772054e-10,0.0,0.0
frozen_E14_three_strategy_game,full_feedback_kernel,1.24,inf,"[0.5952060514993919,0.354247055542506,0.05054689295810217]",5.594315114139762e-17,1.1263319619541001e-17,-0.00444773351435164,7.112075511850335e-11,0.0,0.0
frozen_E14_three_strategy_game,finite_sample_exact_m2,1.24,2,"[0.581011185531967,0.3596343332430417,0.05935448122499118]",0.0175525095623073,1.0686391683914305e-13,-0.0025084506932101305,6.000148641827074e-11,0.0120106065453449,0.05515571866233501
frozen_E14_three_strategy_game,classical,1.25,not_applicable,"[0.5952060514993919,0.35424705554250596,0.05054689295810216]",0.0,1.2518402724573207e-17,-0.0044477335078671465,1.4728657182772054e-10,0.0,0.0
frozen_E14_three_strategy_game,full_feedback_kernel,1.25,inf,"[0.5952060514993919,0.3542470555425059,0.05054689295810218]",5.721958498152797e-17,2.3707893225071155e-17,-0.004447733509387049,2.2603272031851418e-10,0.0,0.0
frozen_E14_three_strategy_game,finite_sample_exact_m2,1.25,2,"[0.5810244352439506,0.35950803264542863,0.05946753211062072]",0.01756057865172781,1.0930067224417891e-13,-0.0026025133804508695,1.9206200865817813e-10,0.01214438134607737,0.055691221828197794
frozen_E14_three_strategy_game,classical,1.26,not_applicable,"[0.5952060514993919,0.35424705554250596,0.05054689295810216]",0.0,1.2518402724573207e-17,-0.0044477335078671465,1.4728657182772054e-10,0.0,0.0
frozen_E14_three_strategy_game,full_feedback_kernel,1.26,inf,"[0.5952060514993919,0.354247055542506,0.05054689295810217]",5.594315114139762e-17,1.1263319619541001e-17,-0.00444773351435207,7.107676253115258e-11,0.0,0.0
frozen_E14_three_strategy_game,finite_sample_exact_m2,1.26,2,"[0.5810395181760425,0.3593795320007905,0.059580949823167105]",0.017568356907737285,1.1164068911832072e-13,-0.002697512801608782,1.026649321111961e-10,0.012278271674454552,0.05622841165766762
frozen_E14_three_strategy_game,classical,1.27,not_applicable,"[0.5952060514993919,0.35424705554250596,0.05054689295810216]",0.0,1.2518402724573207e-17,-0.0044477335078671465,1.4728657182772054e-10,0.0,0.0
frozen_E14_three_strategy_game,full_feedback_kernel,1.27,inf,"[0.5952060514993919,0.3542470555425059,0.05054689295810218]",5.721958498152797e-17,2.3707893225071155e-17,-0.004447733509436884,2.2603777183327622e-10,0.0,0.0
frozen_E14_three_strategy_game,finite_sample_exact_m2,1.27,2,"[0.5810563811956908,0.35924888857554715,0.059694730228762066]",0.017575961712644243,1.1393933535850903e-13,-0.0027934070490488565,5.957689550029066e-11,0.012412275467275673,0.056767289963684645
frozen_E14_three_strategy_game,classical,1.28,not_applicable,"[0.5952060514993919,0.35424705554250596,0.05054689295810216]",0.0,1.2518402724573207e-17,-0.0044477335078671465,1.4728657182772054e-10,0.0,0.0
frozen_E14_three_strategy_game,full_feedback_kernel,1.28,inf,"[0.5952060514993919,0.354247055542506,0.05054689295810217]",5.594315114139762e-17,1.1263319619541001e-17,-0.004447733514352389,7.103170135414061e-11,0.0,0.0
frozen_E14_three_strategy_game,finite_sample_exact_m2,1.28,2,"[0.5810749714738221,0.3591161592971631,0.05980886922901479]",0.017583509277320632,1.1617089411576682e-13,-0.0028901547260346064,1.9147000998587238e-10,0.012546390739697433,0.05730785847437707
frozen_E14_three_strategy_game,classical,1.29,not_applicable,"[0.5952060514993919,0.35424705554250596,0.05054689295810216]",0.0,1.2518402724573207e-17,-0.0044477335078671465,1.4728657182772054e-10,0.0,0.0
frozen_E14_three_strategy_game,full_feedback_kernel,1.29,inf,"[0.5952060514993919,0.3542470555425059,0.05054689295810218]",5.721958498152797e-17,2.3707893225071152e-17,-0.004447733509487614,2.2604272620352361e-10,0.0,0.0
frozen_E14_three_strategy_game,finite_sample_exact_m2,1.29,2,"[0.5810952365156724,0.35898140072495666,0.059923362759370984]",0.017591114511180412,1.1828927179366246e-13,-0.002987715232009254,6.024085744127383e-11,0.012680615579345937,0.057850118833444236
frozen_E14_three_strategy_game,classical,1.3,not_applicable,"[0.5952060514993919,0.35424705554250596,0.05054689295810216]",0.0,1.2518402724573207e-17,-0.0044477335078671465,1.4728657182772054e-10,0.0,0.0
frozen_E14_three_strategy_game,full_feedback_kernel,1.3,inf,"[0.5952060514993919,0.354247055542506,0.05054689295810217]",5.594315114139762e-17,1.1263319619541001e-17,-0.004447733514353319,7.098628629353954e-11,0.0,0.0
frozen_E14_three_strategy_game,finite_sample_exact_m2,1.3,2,"[0.5811171241898985,0.35884466902256734,0.060038206787534125]",0.017598890892695413,1.2036156753943847e-13,-0.0030860484384595092,1.1584702988565176e-10,0.012814948140644496,0.05839407260053179
frozen_E14_three_strategy_game,classical,1.31,not_applicable,"[0.5952060514993919,0.35424705554250596,0.05054689295810216]",0.0,1.2518402724573207e-17,-0.0044477335078671465,1.4728657182772054e-10,0.0,0.0
frozen_E14_three_strategy_game,full_feedback_kernel,1.31,inf,"[0.5952060514993919,0.3542470555425059,0.05054689295810218]",5.721958498152797e-17,2.3707893225071155e-17,-0.004447733509539226,2.2604827037975284e-10,0.0,0.0
frozen_E14_three_strategy_game,finite_sample_exact_m2,1.31,2,"[0.5811405827560245,0.358706019932027,0.060153397311948555]",0.01760695034065042,1.2237288429890162e-13,-0.0031851149544815834,1.7188230005960037e-10,0.01294938663935377,0.05893972125160106
frozen_E14_three_strategy_game,classical,1.32,not_applicable,"[0.5952060514993919,0.35424705554250596,0.05054689295810216]",0.0,1.2518402724573207e-17,-0.0044477335078671465,1.4728657182772054e-10,0.0,0.0
frozen_E14_three_strategy_game,full_feedback_kernel,1.32,inf,"[0.5952060514993919,0.354247055542506,0.05054689295810217]",5.594315114139762e-17,1.1263319619541001e-17,-0.004447733514353569,7.094028142695663e-11,0.0,0.0
frozen_E14_three_strategy_game,finite_sample_exact_m2,1.32,2,"[0.5811655608902757,0.358565508749382,0.060268930360342234]",0.017615403086367675,1.2429344585677014e-13,-0.0032848760028439117,6.201185398513331e-11,0.013083929347320205,0.05948706617929217
frozen_E14_three_strategy_game,classical,1.33,not_applicable,"[0.5952060514993919,0.35424705554250596,0.05054689295810216]",0.0,1.2518402724573207e-17,-0.0044477335078671465,1.4728657182772054e-10,0.0,0.0
frozen_E14_three_strategy_game,full_feedback_kernel,1.33,inf,"[0.5952060514993919,0.3542470555425059,0.05054689295810218]",5.721958498152797e-17,2.3707893225071155e-17,-0.004447733509591517,2.2605344679460515e-10,0.0,0.0
frozen_E14_three_strategy_game,finite_sample_exact_m2,1.33,2,"[0.5811920077098566,0.3584231903018144,0.06038480198832906]",0.017624357547154367,1.2612715641268477e-13,-0.003385293401853895,9.148413623871754e-11,0.013218574587429045,0.060036108693282256
frozen_E14_three_strategy_game,classical,1.34,not_applicable,"[0.5952060514993919,0.35424705554250596,0.05054689295810216]",0.0,1.2518402724573207e-17,-0.0044477335078671465,1.4728657182772054e-10,0.0,0.0
frozen_E14_three_strategy_game,full_feedback_kernel,1.34,inf,"[0.5952060514993919,0.354247055542506,0.05054689295810217]",5.594315114139762e-17,1.1263319619541001e-17,-0.0044477335143541935,7.089328429854547e-11,0.0,0.0
frozen_E14_three_strategy_game,finite_sample_exact_m2,1.34,2,"[0.5812198727957186,0.35827911892621234,0.060501008278069014]",0.017633920201262893,1.2793314690162408e-13,-0.00348632973898751,6.843570501957608e-11,0.01335332072875827,0.060586850020638856
frozen_E14_three_strategy_game,classical,1.35,not_applicable,"[0.5952060514993919,0.35424705554250596,0.05054689295810216]",0.0,1.2518402724573207e-17,-0.0044477335078671465,1.4728657182772054e-10,0.0,0.0
frozen_E14_three_strategy_game,full_feedback_kernel,1.35,inf,"[0.5952060514993919,0.3542470555425059,0.05054689295810218]",5.721958498152797e-17,2.3707893225071155e-17,-0.004447733509644669,2.2605901178751608e-10,0.0,0.0
frozen_E14_three_strategy_game,finite_sample_exact_m2,1.35,2,"[0.5812491062138785,0.3581333484491359,0.060617545336985504]",0.017644195464663313,1.2962156439252952e-13,-0.0035879481749525183,1.83758765148756e-10,0.013488166181928257,0.061139291306169845
frozen_E14_three_strategy_game,classical,1.36,not_applicable,"[0.5952060514993919,0.35424705554250596,0.05054689295810216]",0.0,1.2518402724573207e-17,-0.0044477335078671465,1.4728657182772054e-10,0.0,0.0
frozen_E14_three_strategy_game,full_feedback_kernel,1.36,inf,"[0.5952060514993919,0.354247055542506,0.05054689295810217]",5.594315114139762e-17,1.1263319619541001e-17,-0.004447733514354665,7.084586389760616e-11,0.0,0.0
frozen_E14_three_strategy_game,finite_sample_exact_m2,1.36,2,"[0.581279658535329,0.3579859321681327,0.060734409296538276]",0.01765528556996628,1.3126935797256827e-13,-0.003690112579470377,6.713911024358588e-11,0.013623109394644305,0.06169343361276926
frozen_E14_three_strategy_game,classical,1.37,not_applicable,"[0.5952060514993919,0.35424705554250596,0.05054689295810216]",0.0,1.2518402724573207e-17,-0.0044477335078671465,1.4728657182772054e-10,0.0,0.0
frozen_E14_three_strategy_game,full_feedback_kernel,1.37,inf,"[0.5952060514993919,0.3542470555425059,0.05054689295810218]",5.721958498152797e-17,2.3707893225071158e-17,-0.004447733509698772,2.2606429228577696e-10,0.0,0.0
frozen_E14_three_strategy_game,finite_sample_exact_m2,1.37,2,"[0.5813114808545969,0.35783692283435214,0.06085159631105087]",0.017667290447845607,1.3284915221267888e-13,-0.0037927874266196066,9.952508608912503e-11,0.013758148847426481,0.06224927792176116
frozen_E14_three_strategy_game,classical,1.38,not_applicable,"[0.5952060514993919,0.35424705554250596,0.05054689295810216]",0.0,1.2518402724573207e-17,-0.0044477335078671465,1.4728657182772054e-10,0.0,0.0
frozen_E14_three_strategy_game,full_feedback_kernel,1.38,inf,"[0.5952060514993919,0.354247055542506,0.05054689295810217]",5.594315114139762e-17,1.1263319619541001e-17,-0.004447733514354957,7.079716674018854e-11,0.0,0.0
frozen_E14_three_strategy_game,finite_sample_exact_m2,1.38,2,"[0.5813445248069957,0.35768637263641256,0.060969102556591735]",0.01768030761133124,1.3431736983552645e-13,-0.0038959379556540094,5.647783976603371e-11,0.013893283049523178,0.06280682513324043
frozen_E14_three_strategy_game,classical,1.39,not_applicable,"[0.5952060514993919,0.35424705554250596,0.05054689295810216]",0.0,1.2518402724573207e-17,-0.0044477335078671465,1.4728657182772054e-10,0.0,0.0
frozen_E14_three_strategy_game,full_feedback_kernel,1.39,inf,"[0.5952060514993919,0.3542470555425059,0.05054689295810218]",5.721958498152797e-17,2.3707893225071158e-17,-0.00444773350975361,2.2606975319527933e-10,0.0,0.0
frozen_E14_three_strategy_game,finite_sample_exact_m2,1.39,2,"[0.5813787425846204,0.35753433318547256,0.061086924229906976]",0.01769443204336013,1.3576625098439268e-13,-0.003999529984498287,5.833903846119703e-11,0.014028510535003641,0.06336607606641202
frozen_E14_three_strategy_game,classical,1.4,not_applicable,"[0.5952060514993919,0.35424705554250596,0.05054689295810216]",0.0,1.2518402724573207e-17,-0.0044477335078671465,1.4728657182772054e-10,0.0,0.0
frozen_E14_three_strategy_game,full_feedback_kernel,1.4,inf,"[0.5952060514993919,0.354247055542506,0.05054689295810217]",5.594315114139762e-17,1.1263319619541001e-17,-0.004447733514355727,7.074840713272579e-11,0.0,0.0
frozen_E14_three_strategy_game,finite_sample_exact_m2,1.4,2,"[0.5814140869511317,0.35738085550146376,0.061205057547404594]",0.01770975608798407,1.3713848763607898e-13,-0.004103530016852704,1.1156878546025872e-10,0.014163829859024913,0.06392703145992885
