kernel,sampling,m,beta_left,beta_right,classification
fermi,independent,1,0.05,0.3101831393656305,stable
fermi,independent,1,0.3101831393656305,1.4,unstable
fermi,independent,2,0.05,0.7612252431633492,stable
fermi,independent,2,0.7612252431633492,0.8003039718623031,unstable
fermi,independent,2,0.8003039718623031,1.4,stable
fermi,independent,3,0.05,0.8349230623489098,stable
fermi,independent,3,0.8349230623489098,1.4,unstable
fermi,independent,5,0.05,1.141780240789843,stable
fermi,independent,5,1.141780240789843,1.4,unstable
fermi,independent,10,0.05,1.4,stable
fermi,independent,20,0.05,1.4,stable
fermi,independent,inf,0.05,1.4,stable
fermi,common,1,0.05,0.767310265105297,stable
fermi,common,1,0.767310265105297,1.4,unstable
fermi,common,2,0.05,1.4,stable
fermi,common,3,0.05,1.4,stable
fermi,common,5,0.05,1.4,stable
fermi,common,10,0.05,1.4,stable
fermi,common,20,0.05,1.4,stable
fermi,common,inf,0.05,1.4,stable
arctan,independent,1,0.05,0.1592535939373814,stable
arctan,independent,1,0.1592535939373814,1.4,unstable
arctan,independent,2,0.05,1.4,stable
arctan,independent,3,0.05,0.4814296613056155,stable
arctan,independent,3,0.4814296613056155,1.4,unstable
arctan,independent,5,0.05,0.6826279318878622,stable
arctan,independent,5,0.6826279318878622,1.4,unstable
arctan,independent,10,0.05,0.9869968744677812,stable
arctan,independent,10,0.9869968744677812,1.4,unstable
arctan,independent,20,0.05,1.4,stable
arctan,independent,inf,0.05,1.4,stable
arctan,common,1,0.05,0.4524554324942403,stable
arctan,common,1,0.4524554324942403,1.4,unstable
arctan,common,2,0.05,1.4,stable
arctan,common,3,0.05,1.4,stable
arctan,common,5,0.05,1.4,stable
arctan,common,10,0.05,1.4,stable
arctan,common,20,0.05,1.4,stable
arctan,common,inf,0.05,1.4,stable
