schema_version,config_hash,population,replacement,seed_index,integrated_l1,endpoint_l1
v3.1,c530bf2cab2728a7,100,1,0,0.22385880945404035,0.09069977867915674
v3.1,c530bf2cab2728a7,100,1,1,0.21613257429685237,0.15069977867915668
v3.1,c530bf2cab2728a7,100,1,2,0.25772099011236593,0.71699447543970252
v3.1,c530bf2cab2728a7,100,1,3,0.1615525820363331,0.09069977867915674
v3.1,c530bf2cab2728a7,100,1,4,0.24324106658649303,0.13069977867915675
v3.1,c530bf2cab2728a7,100,1,5,0.23493313139294891,0.16300552456029732
v3.1,c530bf2cab2728a7,100,1,6,0.15969875944560546,0.14300552456029741
v3.1,c530bf2cab2728a7,100,1,7,0.36560483826616075,0.57069977867915667
v3.1,c530bf2cab2728a7,100,1,8,0.20251537038363193,0.2906997786791567
v3.1,c530bf2cab2728a7,100,1,9,0.26315844546186162,0.37230574588114063
v3.1,c530bf2cab2728a7,100,1,10,0.16991704234520383,0.087694254118859394
v3.1,c530bf2cab2728a7,100,1,11,0.24602892726624059,0.53069977867915674
v3.1,c530bf2cab2728a7,100,1,12,0.12666321061100633,0.096994475439702646
v3.1,c530bf2cab2728a7,100,1,13,0.16188394902043371,0.14300552456029739
v3.1,c530bf2cab2728a7,100,1,14,0.31398671689034813,0.41069977867915669
v3.1,c530bf2cab2728a7,100,1,15,0.17108949805186927,0.39069977867915678
v3.1,c530bf2cab2728a7,100,1,16,0.32778479925139281,0.34300552456029743
v3.1,c530bf2cab2728a7,100,1,17,0.11999539304945814,0.19230574588114069
v3.1,c530bf2cab2728a7,100,1,18,0.23911961649344377,0.20930022132084325
v3.1,c530bf2cab2728a7,100,1,19,0.17817327404662076,0.19069977867915669
v3.1,c530bf2cab2728a7,100,1,20,0.29003994547156509,0.63230574588114052
v3.1,c530bf2cab2728a7,100,1,21,0.14618026036265092,0.029300221320843325
v3.1,c530bf2cab2728a7,100,1,22,0.076561987879306417,0.25069977867915672
v3.1,c530bf2cab2728a7,100,1,23,0.14964487396859222,0.17699447543970265
v3.1,c530bf2cab2728a7,100,1,24,0.25398988063796757,0.35069977867915675
v3.1,c530bf2cab2728a7,100,1,25,0.27717738943025938,0.55699447543970249
v3.1,c530bf2cab2728a7,100,1,26,0.31223974627974027,0.41699447543970264
v3.1,c530bf2cab2728a7,100,1,27,0.14683722620450038,0.31069977867915671
v3.1,c530bf2cab2728a7,100,1,28,0.48249751197358692,0.34930022132084326
v3.1,c530bf2cab2728a7,100,1,29,0.22410188409750853,0.51699447543970256
v3.1,c530bf2cab2728a7,100,1,30,0.14954069317927998,0.33699447543970262
v3.1,c530bf2cab2728a7,100,1,31,0.11494978737259309,0.19699447543970255
v3.1,c530bf2cab2728a7,100,1,32,0.23832942761494802,0.65699447543970257
v3.1,c530bf2cab2728a7,100,1,33,0.23434416838943473,0.2306997786791567
v3.1,c530bf2cab2728a7,100,1,34,0.17835962572872507,0.21069977867915668
v3.1,c530bf2cab2728a7,100,1,35,0.36081230759992233,0.4523057458811407
v3.1,c530bf2cab2728a7,100,1,36,0.28543951002998347,0.62300552456029734
v3.1,c530bf2cab2728a7,100,1,37,0.14102083584780267,0.063005524560297413
v3.1,c530bf2cab2728a7,100,1,38,0.35397205766362039,0.7306997786791567
v3.1,c530bf2cab2728a7,100,1,39,0.20112821040379414,0.35699447543970264
v3.1,c530bf2cab2728a7,100,1,40,0.22054799335752653,0.33699447543970262
v3.1,c530bf2cab2728a7,100,1,41,0.19199892921655909,0.31699447543970261
v3.1,c530bf2cab2728a7,100,1,42,0.25988796098342037,0.61699447543970254
v3.1,c530bf2cab2728a7,100,1,43,0.23816519162298938,0.43699447543970266
v3.1,c530bf2cab2728a7,100,1,44,0.32321636543659243,0.60930022132084327
v3.1,c530bf2cab2728a7,100,1,45,0.20625876144879501,0.41069977867915664
v3.1,c530bf2cab2728a7,100,1,46,0.080407677358444965,0.25069977867915672
v3.1,c530bf2cab2728a7,100,1,47,0.17925901910764247,0.15699447543970263
v3.1,c530bf2cab2728a7,100,1,48,0.23577935281965567,0.13069977867915678
v3.1,c530bf2cab2728a7,100,1,49,0.18988353391609247,0.45699447543970267
v3.1,c530bf2cab2728a7,100,1,50,0.54465516145987802,0.6106997786791567
v3.1,c530bf2cab2728a7,100,1,51,0.22634617242093669,0.33069977867915673
v3.1,c530bf2cab2728a7,100,1,52,0.31026939221701982,0.41069977867915669
v3.1,c530bf2cab2728a7,100,1,53,0.36647869468042793,0.21069977867915668
v3.1,c530bf2cab2728a7,100,1,54,0.35503526169638078,0.69699447543970261
v3.1,c530bf2cab2728a7,100,1,55,0.21401333869684797,0.43069977867915671
v3.1,c530bf2cab2728a7,100,1,56,0.19427453905049508,0.59699447543970252
v3.1,c530bf2cab2728a7,100,1,57,0.31201131625294226,0.15069977867915668
v3.1,c530bf2cab2728a7,100,1,58,0.27396631842698266,0.24300552456029745
v3.1,c530bf2cab2728a7,100,1,59,0.20076428689184492,0.41699447543970264
v3.1,c530bf2cab2728a7,100,1,60,0.48513503076130104,0.57069977867915678
v3.1,c530bf2cab2728a7,100,1,61,0.3438427446557733,0.69069977867915666
v3.1,c530bf2cab2728a7,100,1,62,0.27966942716236604,0.19069977867915672
v3.1,c530bf2cab2728a7,100,1,63,0.17190024367248347,0.28300552456029737
v3.1,c530bf2cab2728a7,100,1,64,0.29519032503816534,0.77699447543970246
v3.1,c530bf2cab2728a7,100,1,65,0.45188495299118853,0.51069977867915672
v3.1,c530bf2cab2728a7,100,1,66,0.38671717151988194,0.47069977867915669
v3.1,c530bf2cab2728a7,100,1,67,0.13390430210430221,0.18930022132084323
v3.1,c530bf2cab2728a7,100,1,68,0.26847303830857833,0.25069977867915672
v3.1,c530bf2cab2728a7,100,1,69,0.51872422631065229,0.77230574588114065
v3.1,c530bf2cab2728a7,100,1,70,0.15710729697804648,0.13699447543970267
v3.1,c530bf2cab2728a7,100,1,71,0.31502721200377259,0.27069977867915673
v3.1,c530bf2cab2728a7,100,1,72,0.44034890951355765,0.40930022132084332
v3.1,c530bf2cab2728a7,100,1,73,0.16527918692412424,0.41230574588114061
v3.1,c530bf2cab2728a7,100,1,74,0.22383958888975064,0.37069977867915677
v3.1,c530bf2cab2728a7,100,1,75,0.12294229371695498,0.09069977867915674
v3.1,c530bf2cab2728a7,100,1,76,0.34411720459189676,0.34930022132084332
v3.1,c530bf2cab2728a7,100,1,77,0.19135212792117182,0.13230574588114069
v3.1,c530bf2cab2728a7,100,1,78,0.2159951147459189,0.13699447543970267
v3.1,c530bf2cab2728a7,100,1,79,0.13654161198208242,0.13699447543970267
v3.1,c530bf2cab2728a7,100,1,80,0.35757709986809127,0.53069977867915674
v3.1,c530bf2cab2728a7,100,1,81,0.13364546806559829,0.10769425411885934
v3.1,c530bf2cab2728a7,100,1,82,0.28203759968484715,0.56930022132084335
v3.1,c530bf2cab2728a7,100,1,83,0.14868744350655003,0.10769425411885934
v3.1,c530bf2cab2728a7,100,1,84,0.14119061543037134,0.15699447543970263
v3.1,c530bf2cab2728a7,100,1,85,0.32778861041397822,0.37069977867915677
v3.1,c530bf2cab2728a7,100,1,86,0.33560224282702944,0.72930022132084338
v3.1,c530bf2cab2728a7,100,1,87,0.42332853809261561,0.61069977867915681
v3.1,c530bf2cab2728a7,100,1,88,0.12025121367382546,0.2693002213208433
v3.1,c530bf2cab2728a7,100,1,89,0.11743341036609861,0.12300552456029741
v3.1,c530bf2cab2728a7,100,1,90,0.2238328169169822,0.32300552456029741
v3.1,c530bf2cab2728a7,100,1,91,0.21513451164233016,0.41069977867915669
v3.1,c530bf2cab2728a7,100,1,92,0.30988226502190985,0.37069977867915677
v3.1,c530bf2cab2728a7,100,1,93,0.12774714440482626,0.14930022132084325
v3.1,c530bf2cab2728a7,100,1,94,0.26618636789485095,0.40930022132084332
v3.1,c530bf2cab2728a7,100,1,95,0.22437167281777221,0.41699447543970264
v3.1,c530bf2cab2728a7,100,1,96,0.18637849077547142,0.33699447543970262
v3.1,c530bf2cab2728a7,100,1,97,0.23516610022282211,0.63699447543970256
v3.1,c530bf2cab2728a7,100,1,98,0.10544459956701185,0.14930022132084325
v3.1,c530bf2cab2728a7,100,1,99,0.37716470458375123,0.39069977867915678
v3.1,c530bf2cab2728a7,200,1,0,0.1956349494875293,0.10769425411885934
v3.1,c530bf2cab2728a7,200,1,1,0.25591448897095881,0.5569944754397026
v3.1,c530bf2cab2728a7,200,1,2,0.14188541939636662,0.076994475439702628
v3.1,c530bf2cab2728a7,200,1,3,0.15852662871489712,0.39300552456029741
v3.1,c530bf2cab2728a7,200,1,4,0.072691116486816865,0.14069977867915678
v3.1,c530bf2cab2728a7,200,1,5,0.26060069511639949,0.44300552456029735
v3.1,c530bf2cab2728a7,200,1,6,0.10295945793015374,0.087694254118859338
v3.1,c530bf2cab2728a7,200,1,7,0.29223253771273439,0.40069977867915668
v3.1,c530bf2cab2728a7,200,1,8,0.25118685080071723,0.11069977867915677
v3.1,c530bf2cab2728a7,200,1,9,0.13474308177291311,0.18699447543970255
v3.1,c530bf2cab2728a7,200,1,10,0.22959471441885768,0.20069977867915667
v3.1,c530bf2cab2728a7,200,1,11,0.11704808429063576,0.3006997786791567
v3.1,c530bf2cab2728a7,200,1,12,0.19376818351224326,0.43930022132084329
v3.1,c530bf2cab2728a7,200,1,13,0.31323162470049215,0.38230574588114064
v3.1,c530bf2cab2728a7,200,1,14,0.13004939265433077,0.1993002213208433
v3.1,c530bf2cab2728a7,200,1,15,0.22159312792314534,0.34230574588114066
v3.1,c530bf2cab2728a7,200,1,16,0.18337263362352935,0.16069977867915669
v3.1,c530bf2cab2728a7,200,1,17,0.10074010500867572,0.082305745881140688
v3.1,c530bf2cab2728a7,200,1,18,0.22035610706114211,0.52699447543970257
v3.1,c530bf2cab2728a7,200,1,19,0.13488580715447293,0.39699447543970262
v3.1,c530bf2cab2728a7,200,1,20,0.22465617655946052,0.28069977867915674
v3.1,c530bf2cab2728a7,200,1,21,0.12280813769721802,0.070699778679156736
v3.1,c530bf2cab2728a7,200,1,22,0.14317623583371328,0.3130055245602974
v3.1,c530bf2cab2728a7,200,1,23,0.2295246169351384,0.39230574588114064
v3.1,c530bf2cab2728a7,200,1,24,0.22196849745973218,0.45300552456029747
v3.1,c530bf2cab2728a7,200,1,25,0.20296146356420769,0.10769425411885934
v3.1,c530bf2cab2728a7,200,1,26,0.30809240659852005,0.54069977867915675
v3.1,c530bf2cab2728a7,200,1,27,0.083073725977657581,0.10769425411885934
v3.1,c530bf2cab2728a7,200,1,28,0.18391171902037368,0.11699447543970264
v3.1,c530bf2cab2728a7,200,1,29,0.22445305664148577,0.51699447543970256
v3.1,c530bf2cab2728a7,200,1,30,0.20091014376276056,0.21069977867915668
v3.1,c530bf2cab2728a7,200,1,31,0.16673318839306128,0.24300552456029739
v3.1,c530bf2cab2728a7,200,1,32,0.21525411857139795,0.34300552456029743
v3.1,c530bf2cab2728a7,200,1,33,0.23859838271212946,0.34699447543970263
v3.1,c530bf2cab2728a7,200,1,34,0.07066017565651099,0.016994475439702644
v3.1,c530bf2cab2728a7,200,1,35,0.094312409490183921,0.14069977867915678
v3.1,c530bf2cab2728a7,200,1,36,0.079571723367508645,0.19300552456029735
v3.1,c530bf2cab2728a7,200,1,37,0.22966199644460805,0.46069977867915668
v3.1,c530bf2cab2728a7,200,1,38,0.15137164578193923,0.42930022132084322
v3.1,c530bf2cab2728a7,200,1,39,0.26657244006380215,0.43930022132084329
v3.1,c530bf2cab2728a7,200,1,40,0.15050969445413442,0.3769944754397026
v3.1,c530bf2cab2728a7,200,1,41,0.13042220161358817,0.27699447543970257
v3.1,c530bf2cab2728a7,200,1,42,0.079205452743077817,0.09699447543970266
v3.1,c530bf2cab2728a7,200,1,43,0.081655347593761654,0.22699447543970261
v3.1,c530bf2cab2728a7,200,1,44,0.22556108542055303,0.22300552456029743
v3.1,c530bf2cab2728a7,200,1,45,0.12569369594797503,0.09699447543970266
v3.1,c530bf2cab2728a7,200,1,46,0.10359329706147574,0.12230574588114071
v3.1,c530bf2cab2728a7,200,1,47,0.2265868154303731,0.13699447543970267
v3.1,c530bf2cab2728a7,200,1,48,0.10244843924282784,0.047694254118859372
v3.1,c530bf2cab2728a7,200,1,49,0.15104893600538224,0.13069977867915678
v3.1,c530bf2cab2728a7,200,1,50,0.26885954423326397,0.24069977867915671
v3.1,c530bf2cab2728a7,200,1,51,0.19059457360946164,0.33069977867915679
v3.1,c530bf2cab2728a7,200,1,52,0.12452379673552093,0.12699447543970266
v3.1,c530bf2cab2728a7,200,1,53,0.19065776705142287,0.28930022132084332
v3.1,c530bf2cab2728a7,200,1,54,0.17246772605805982,0.24930022132084328
v3.1,c530bf2cab2728a7,200,1,55,0.17685253454110383,0.20069977867915667
v3.1,c530bf2cab2728a7,200,1,56,0.27192341896922412,0.29930022132084327
v3.1,c530bf2cab2728a7,200,1,57,0.23180320190313641,0.28230574588114066
v3.1,c530bf2cab2728a7,200,1,58,0.21643184326867354,0.14699447543970268
v3.1,c530bf2cab2728a7,200,1,59,0.13727186418130216,0.34699447543970263
v3.1,c530bf2cab2728a7,200,1,60,0.14924310069180757,0.23930022132084328
v3.1,c530bf2cab2728a7,200,1,61,0.22251036351096171,0.47699447543970258
v3.1,c530bf2cab2728a7,200,1,62,0.14574382755640514,0.2306997786791567
v3.1,c530bf2cab2728a7,200,1,63,0.20185337570565981,0.31069977867915671
v3.1,c530bf2cab2728a7,200,1,64,0.15022830073554988,0.31930022132084329
v3.1,c530bf2cab2728a7,200,1,65,0.14323785589746144,0.30230574588114068
v3.1,c530bf2cab2728a7,200,1,66,0.16321657437240714,0.24069977867915671
v3.1,c530bf2cab2728a7,200,1,67,0.14400954436683228,0.27930022132084326
v3.1,c530bf2cab2728a7,200,1,68,0.078347798984914702,0.21300552456029737
v3.1,c530bf2cab2728a7,200,1,69,0.11633554502420021,0.17069977867915664
v3.1,c530bf2cab2728a7,200,1,70,0.10528413857555061,0.019300221320843323
v3.1,c530bf2cab2728a7,200,1,71,0.23514628343795158,0.39930022132084331
v3.1,c530bf2cab2728a7,200,1,72,0.13330081031690388,0.32699447543970261
v3.1,c530bf2cab2728a7,200,1,73,0.26543403912944502,0.44069977867915672
v3.1,c530bf2cab2728a7,200,1,74,0.21831166463011664,0.27300552456029742
v3.1,c530bf2cab2728a7,200,1,75,0.15943682431496636,0.36699447543970259
v3.1,c530bf2cab2728a7,200,1,76,0.3116049561076113,0.40230574588114065
v3.1,c530bf2cab2728a7,200,1,77,0.25572462804617718,0.69699447543970261
v3.1,c530bf2cab2728a7,200,1,78,0.25863371735803642,0.54699447543970259
v3.1,c530bf2cab2728a7,200,1,79,0.33400855344300423,0.59930022132084326
v3.1,c530bf2cab2728a7,200,1,80,0.10015926117543336,0.14930022132084328
v3.1,c530bf2cab2728a7,200,1,81,0.16837841552968669,0.36930022132084334
v3.1,c530bf2cab2728a7,200,1,82,0.2204562381538919,0.40069977867915668
v3.1,c530bf2cab2728a7,200,1,83,0.22712359440286151,0.20699447543970267
v3.1,c530bf2cab2728a7,200,1,84,0.22023234785312645,0.28930022132084332
v3.1,c530bf2cab2728a7,200,1,85,0.21174936667465963,0.21930022132084326
v3.1,c530bf2cab2728a7,200,1,86,0.32196052463835056,0.49930022132084328
v3.1,c530bf2cab2728a7,200,1,87,0.12057530569035832,0.10769425411885934
v3.1,c530bf2cab2728a7,200,1,88,0.29236625347692669,0.4206997786791567
v3.1,c530bf2cab2728a7,200,1,89,0.23491754853588229,0.33300552456029736
v3.1,c530bf2cab2728a7,200,1,90,0.19742576211062662,0.37930022132084329
v3.1,c530bf2cab2728a7,200,1,91,0.18437190148046451,0.15069977867915668
v3.1,c530bf2cab2728a7,200,1,92,0.13049706627157329,0.10230574588114069
v3.1,c530bf2cab2728a7,200,1,93,0.25065681052271421,0.24930022132084328
v3.1,c530bf2cab2728a7,200,1,94,0.19500023039387543,0.46699447543970257
v3.1,c530bf2cab2728a7,200,1,95,0.16353905871331431,0.34930022132084332
v3.1,c530bf2cab2728a7,200,1,96,0.10087232522966648,0.11069977867915676
v3.1,c530bf2cab2728a7,200,1,97,0.13087862523614988,0.29300552456029738
v3.1,c530bf2cab2728a7,200,1,98,0.11470277833969982,0.20699447543970256
v3.1,c530bf2cab2728a7,200,1,99,0.25726694813954903,0.56930022132084324
v3.1,c530bf2cab2728a7,500,1,0,0.14441442286487727,0.15469977867915669
v3.1,c530bf2cab2728a7,500,1,1,0.070730382289772353,0.083694254118859335
v3.1,c530bf2cab2728a7,500,1,2,0.10648094479705594,0.083005524560297403
v3.1,c530bf2cab2728a7,500,1,3,0.093020633773104128,0.078699778679156757
v3.1,c530bf2cab2728a7,500,1,4,0.071369208380483384,0.084994475439702635
v3.1,c530bf2cab2728a7,500,1,5,0.055173889702733091,0.18499447543970257
v3.1,c530bf2cab2728a7,500,1,6,0.21015968780627783,0.38669977867915678
v3.1,c530bf2cab2728a7,500,1,7,0.088270416437964627,0.22530022132084326
v3.1,c530bf2cab2728a7,500,1,8,0.076027410558381275,0.16300552456029743
v3.1,c530bf2cab2728a7,500,1,9,0.057102044559730364,0.073300221320843337
v3.1,c530bf2cab2728a7,500,1,10,0.052447619906919624,0.052994475439702614
v3.1,c530bf2cab2728a7,500,1,11,0.059039161395614534,0.14700552456029733
v3.1,c530bf2cab2728a7,500,1,12,0.20909740565830545,0.28700552456029738
v3.1,c530bf2cab2728a7,500,1,13,0.071299273747993941,0.04099447543970261
v3.1,c530bf2cab2728a7,500,1,14,0.10326023258976172,0.10300552456029738
v3.1,c530bf2cab2728a7,500,1,15,0.058017645376805003,0.091694254118859342
v3.1,c530bf2cab2728a7,500,1,16,0.16059265456132282,0.22669977867915669
v3.1,c530bf2cab2728a7,500,1,17,0.053856807614927366,0.038699778679156714
v3.1,c530bf2cab2728a7,500,1,18,0.054110109070975465,0.022699778679156707
v3.1,c530bf2cab2728a7,500,1,19,0.10583562357097416,0.11469977867915679
v3.1,c530bf2cab2728a7,500,1,20,0.25556832040627375,0.36130022132084327
v3.1,c530bf2cab2728a7,500,1,21,0.2060693876392094,0.20700552456029742
v3.1,c530bf2cab2728a7,500,1,22,0.11106538434732019,0.22530022132084326
v3.1,c530bf2cab2728a7,500,1,23,0.078676416531992338,0.094699778679156743
v3.1,c530bf2cab2728a7,500,1,24,0.10139350102077331,0.2693002213208433
v3.1,c530bf2cab2728a7,500,1,25,0.0886201470209034,0.16269977867915666
v3.1,c530bf2cab2728a7,500,1,26,0.11961500615806073,0.10269977867915675
v3.1,c530bf2cab2728a7,500,1,27,0.16204544589339248,0.088994475439702639
v3.1,c530bf2cab2728a7,500,1,28,0.077402186964824038,0.18099447543970265
v3.1,c530bf2cab2728a7,500,1,29,0.079629141857430308,0.17100552456029744
v3.1,c530bf2cab2728a7,500,1,30,0.064722184108434555,0.050699778679156725
v3.1,c530bf2cab2728a7,500,1,31,0.12930645500833551,0.21630574588114065
v3.1,c530bf2cab2728a7,500,1,32,0.061198664364081466,0.035694254118859368
v3.1,c530bf2cab2728a7,500,1,33,0.066739360431792641,0.064994475439702618
v3.1,c530bf2cab2728a7,500,1,34,0.070571259597848046,0.18499447543970254
v3.1,c530bf2cab2728a7,500,1,35,0.056673826254234949,0.050699778679156739
v3.1,c530bf2cab2728a7,500,1,36,0.27655089115507853,0.45699447543970267
v3.1,c530bf2cab2728a7,500,1,37,0.075286161151245576,0.12499447543970267
v3.1,c530bf2cab2728a7,500,1,38,0.13660422030683672,0.28499447543970258
v3.1,c530bf2cab2728a7,500,1,39,0.095919091442406137,0.12499447543970267
v3.1,c530bf2cab2728a7,500,1,40,0.27133363083647061,0.48130022132084332
v3.1,c530bf2cab2728a7,500,1,41,0.14794402702854695,0.13469977867915678
v3.1,c530bf2cab2728a7,500,1,42,0.090284987091789975,0.10499447543970264
v3.1,c530bf2cab2728a7,500,1,43,0.11509955574831987,0.16899447543970264
v3.1,c530bf2cab2728a7,500,1,44,0.094047656662875734,0.14669977867915665
v3.1,c530bf2cab2728a7,500,1,45,0.084324036466614211,0.12930022132084323
v3.1,c530bf2cab2728a7,500,1,46,0.079937661115492525,0.054699778679156721
v3.1,c530bf2cab2728a7,500,1,47,0.083718158287046068,0.20899447543970257
v3.1,c530bf2cab2728a7,500,1,48,0.079576681453622816,0.094699778679156743
v3.1,c530bf2cab2728a7,500,1,49,0.16151095261928872,0.18530022132084328
v3.1,c530bf2cab2728a7,500,1,50,0.087111757057607347,0.12700552456029743
v3.1,c530bf2cab2728a7,500,1,51,0.14546811575613616,0.3729944754397026
v3.1,c530bf2cab2728a7,500,1,52,0.089426685540090811,0.18099447543970254
v3.1,c530bf2cab2728a7,500,1,53,0.16807774102966275,0.34269977867915674
v3.1,c530bf2cab2728a7,500,1,54,0.10744546507465103,0.25869977867915672
v3.1,c530bf2cab2728a7,500,1,55,0.067860200670594478,0.16930022132084327
v3.1,c530bf2cab2728a7,500,1,56,0.15911010486831409,0.22030574588114066
v3.1,c530bf2cab2728a7,500,1,57,0.053404593832436086,0.050699778679156732
v3.1,c530bf2cab2728a7,500,1,58,0.14184848665242084,0.21469977867915668
v3.1,c530bf2cab2728a7,500,1,59,0.08403073136348399,0.064305745881140672
v3.1,c530bf2cab2728a7,500,1,60,0.093782482319647975,0.036305745881140661
v3.1,c530bf2cab2728a7,500,1,61,0.10670912956037083,0.03969425411885931
v3.1,c530bf2cab2728a7,500,1,62,0.14984800095026171,0.091694254118859397
v3.1,c530bf2cab2728a7,500,1,63,0.11183434051506755,0.16269977867915666
v3.1,c530bf2cab2728a7,500,1,64,0.10214895065297735,0.22269977867915672
v3.1,c530bf2cab2728a7,500,1,65,0.151857245538909,0.35869977867915681
v3.1,c530bf2cab2728a7,500,1,66,0.08298013718322611,0.12430574588114071
v3.1,c530bf2cab2728a7,500,1,67,0.13858038316738097,0.14030574588114059
v3.1,c530bf2cab2728a7,500,1,68,0.12682652113698611,0.14130022132084324
v3.1,c530bf2cab2728a7,500,1,69,0.13999135412188254,0.13699447543970258
v3.1,c530bf2cab2728a7,500,1,70,0.085398427885228306,0.25469977867915672
v3.1,c530bf2cab2728a7,500,1,71,0.054450575731120318,0.11069977867915679
v3.1,c530bf2cab2728a7,500,1,72,0.137597718290495,0.17630574588114067
v3.1,c530bf2cab2728a7,500,1,73,0.069421562447880961,0.091005524560297424
v3.1,c530bf2cab2728a7,500,1,74,0.084729521225845233,0.029300221320843325
v3.1,c530bf2cab2728a7,500,1,75,0.13938873135271801,0.11100552456029737
v3.1,c530bf2cab2728a7,500,1,76,0.066841400682714769,0.18269977867915668
v3.1,c530bf2cab2728a7,500,1,77,0.062270308835254445,0.075694254118859328
v3.1,c530bf2cab2728a7,500,1,78,0.15090489768778714,0.15299447543970263
v3.1,c530bf2cab2728a7,500,1,79,0.10802788216303241,0.22130022132084332
v3.1,c530bf2cab2728a7,500,1,80,0.072704881691950288,0.13730022132084324
v3.1,c530bf2cab2728a7,500,1,81,0.10385550996271578,0.16930022132084327
v3.1,c530bf2cab2728a7,500,1,82,0.11295203648802313,0.22300552456029735
v3.1,c530bf2cab2728a7,500,1,83,0.070597105157840179,0.12269977867915677
v3.1,c530bf2cab2728a7,500,1,84,0.18914971536531577,0.22669977867915669
v3.1,c530bf2cab2728a7,500,1,85,0.14850841836707507,0.29469977867915675
v3.1,c530bf2cab2728a7,500,1,86,0.13473264859437162,0.19299447543970255
v3.1,c530bf2cab2728a7,500,1,87,0.10659301268763413,0.094699778679156771
v3.1,c530bf2cab2728a7,500,1,88,0.059754914288535188,0.17069977867915664
v3.1,c530bf2cab2728a7,500,1,89,0.067925377952599508,0.030699778679156707
v3.1,c530bf2cab2728a7,500,1,90,0.11540987546858122,0.092305745881140697
v3.1,c530bf2cab2728a7,500,1,91,0.21457801940749802,0.2346997786791567
v3.1,c530bf2cab2728a7,500,1,92,0.14669613651318442,0.13330022132084324
v3.1,c530bf2cab2728a7,500,1,93,0.11064992893839885,0.30099447543970259
v3.1,c530bf2cab2728a7,500,1,94,0.20010234132982663,0.27100552456029736
v3.1,c530bf2cab2728a7,500,1,95,0.098461199869683408,0.035694254118859368
v3.1,c530bf2cab2728a7,500,1,96,0.099581992743684219,0.16030574588114066
v3.1,c530bf2cab2728a7,500,1,97,0.069608758128561543,0.023694254118859358
v3.1,c530bf2cab2728a7,500,1,98,0.086531945793576703,0.26099447543970261
v3.1,c530bf2cab2728a7,500,1,99,0.23262632931964983,0.41730022132084321
v3.1,c530bf2cab2728a7,1000,1,0,0.09348328380836074,0.05699447543970261
v3.1,c530bf2cab2728a7,1000,1,1,0.11791347502376835,0.22269977867915669
v3.1,c530bf2cab2728a7,1000,1,2,0.069160021251334122,0.076994475439702628
v3.1,c530bf2cab2728a7,1000,1,3,0.078611650870448996,0.094699778679156743
v3.1,c530bf2cab2728a7,1000,1,4,0.10862634851235803,0.16069977867915664
v3.1,c530bf2cab2728a7,1000,1,5,0.089861149389385858,0.083694254118859335
v3.1,c530bf2cab2728a7,1000,1,6,0.075523110085517264,0.19069977867915669
v3.1,c530bf2cab2728a7,1000,1,7,0.061288126869795005,0.1310055245602974
v3.1,c530bf2cab2728a7,1000,1,8,0.073150514593915014,0.031005524560297391
v3.1,c530bf2cab2728a7,1000,1,9,0.043948399193656146,0.071005524560297392
v3.1,c530bf2cab2728a7,1000,1,10,0.077289573740414064,0.14469977867915676
v3.1,c530bf2cab2728a7,1000,1,11,0.079276151995543997,0.17730022132084328
v3.1,c530bf2cab2728a7,1000,1,12,0.10904188675402604,0.17900552456029745
v3.1,c530bf2cab2728a7,1000,1,13,0.06083313219691619,0.065005524560297415
v3.1,c530bf2cab2728a7,1000,1,14,0.052448460846373259,0.13269977867915678
v3.1,c530bf2cab2728a7,1000,1,15,0.054115549379005534,0.038994475439702615
v3.1,c530bf2cab2728a7,1000,1,16,0.06529423535562548,0.13530022132084324
v3.1,c530bf2cab2728a7,1000,1,17,0.062143138229535592,0.11699447543970266
v3.1,c530bf2cab2728a7,1000,1,18,0.045013538473509626,0.005300221320843311
v3.1,c530bf2cab2728a7,1000,1,19,0.068490759863649914,0.036699778679156719
v3.1,c530bf2cab2728a7,1000,1,20,0.066666260073718814,0.15469977867915666
v3.1,c530bf2cab2728a7,1000,1,21,0.045248612573104252,0.051005524560297402
v3.1,c530bf2cab2728a7,1000,1,22,0.080294890120841317,0.11469977867915673
v3.1,c530bf2cab2728a7,1000,1,23,0.064366422529954309,0.070994475439702609
v3.1,c530bf2cab2728a7,1000,1,24,0.05084422877596851,0.10700552456029735
v3.1,c530bf2cab2728a7,1000,1,25,0.04141713446471168,0.066699778679156746
v3.1,c530bf2cab2728a7,1000,1,26,0.043321007627850884,0.10130022132084332
v3.1,c530bf2cab2728a7,1000,1,27,0.11514367063724507,0.080699778679156745
v3.1,c530bf2cab2728a7,1000,1,28,0.046021198466434751,0.032994475439702603
v3.1,c530bf2cab2728a7,1000,1,29,0.057204147311005413,0.10299447543970264
v3.1,c530bf2cab2728a7,1000,1,30,0.12940543556748735,0.11269977867915676
v3.1,c530bf2cab2728a7,1000,1,31,0.088876206974891001,0.21469977867915671
v3.1,c530bf2cab2728a7,1000,1,32,0.095687201881554385,0.20269977867915667
v3.1,c530bf2cab2728a7,1000,1,33,0.084766401960466919,0.18730022132084323
v3.1,c530bf2cab2728a7,1000,1,34,0.06049577387014058,0.038305745881140663
v3.1,c530bf2cab2728a7,1000,1,35,0.12038701527192752,0.1443057458811407
v3.1,c530bf2cab2728a7,1000,1,36,0.13098328556641647,0.11130022132084325
v3.1,c530bf2cab2728a7,1000,1,37,0.028544845311810382,0.044699778679156726
v3.1,c530bf2cab2728a7,1000,1,38,0.062478755592038977,0.039300221320843286
v3.1,c530bf2cab2728a7,1000,1,39,0.056279842676872874,0.083005524560297403
v3.1,c530bf2cab2728a7,1000,1,40,0.056992561772740209,0.090994475439702641
v3.1,c530bf2cab2728a7,1000,1,41,0.067787772365062199,0.074699778679156739
v3.1,c530bf2cab2728a7,1000,1,42,0.052546813569640083,0.070994475439702623
v3.1,c530bf2cab2728a7,1000,1,43,0.14790651777003488,0.15900552456029743
v3.1,c530bf2cab2728a7,1000,1,44,0.051503997168941031,0.081300221320843316
v3.1,c530bf2cab2728a7,1000,1,45,0.052969493197410303,0.10469977867915678
v3.1,c530bf2cab2728a7,1000,1,46,0.075347509878966837,0.094994475439702658
v3.1,c530bf2cab2728a7,1000,1,47,0.10701912858763452,0.24299447543970262
v3.1,c530bf2cab2728a7,1000,1,48,0.046890465510412316,0.1226997786791568
v3.1,c530bf2cab2728a7,1000,1,49,0.069417969637541488,0.12869977867915675
v3.1,c530bf2cab2728a7,1000,1,50,0.081171437975093977,0.13700552456029741
v3.1,c530bf2cab2728a7,1000,1,51,0.071766987510170965,0.11900552456029739
v3.1,c530bf2cab2728a7,1000,1,52,0.052201224432912752,0.097300221320843316
v3.1,c530bf2cab2728a7,1000,1,53,0.094171581537254578,0.083005524560297403
v3.1,c530bf2cab2728a7,1000,1,54,0.087050599685733004,0.10030574588114069
v3.1,c530bf2cab2728a7,1000,1,55,0.20914053796220688,0.14930022132084325
v3.1,c530bf2cab2728a7,1000,1,56,0.078788997145217018,0.10930022132084324
v3.1,c530bf2cab2728a7,1000,1,57,0.11902264123955383,0.11069977867915676
v3.1,c530bf2cab2728a7,1000,1,58,0.10153503887000101,0.21300552456029734
v3.1,c530bf2cab2728a7,1000,1,59,0.15946993448980354,0.18530022132084328
v3.1,c530bf2cab2728a7,1000,1,60,0.046916705112352491,0.056994475439702631
v3.1,c530bf2cab2728a7,1000,1,61,0.0713148551042882,0.080699778679156731
v3.1,c530bf2cab2728a7,1000,1,62,0.082309116892468212,0.10499447543970267
v3.1,c530bf2cab2728a7,1000,1,63,0.15893715842959677,0.26869977867915668
v3.1,c530bf2cab2728a7,1000,1,64,0.064974247014887437,0.084699778679156748
v3.1,c530bf2cab2728a7,1000,1,65,0.067182240750523217,0.057694254118859319
v3.1,c530bf2cab2728a7,1000,1,66,0.065469756477373936,0.15530022132084326
v3.1,c530bf2cab2728a7,1000,1,67,0.053690814408392108,0.11099447543970266
v3.1,c530bf2cab2728a7,1000,1,68,0.069035906182916051,0.060699778679156734
v3.1,c530bf2cab2728a7,1000,1,69,0.192830720477214,0.32469977867915673
v3.1,c530bf2cab2728a7,1000,1,70,0.10739193314975604,0.2033002213208433
v3.1,c530bf2cab2728a7,1000,1,71,0.15932041797955329,0.18030574588114062
v3.1,c530bf2cab2728a7,1000,1,72,0.090177139755845501,0.14500552456029742
v3.1,c530bf2cab2728a7,1000,1,73,0.07080440145580566,0.085694254118859392
v3.1,c530bf2cab2728a7,1000,1,74,0.11646610352635617,0.20669977867915668
v3.1,c530bf2cab2728a7,1000,1,75,0.085969564113404617,0.08130022132084333
v3.1,c530bf2cab2728a7,1000,1,76,0.047594521338890035,0.070305745881140677
v3.1,c530bf2cab2728a7,1000,1,77,0.061366289642362459,0.085300221320843334
v3.1,c530bf2cab2728a7,1000,1,78,0.066345915946731407,0.11469977867915679
v3.1,c530bf2cab2728a7,1000,1,79,0.068064714244180646,0.063694254118859317
v3.1,c530bf2cab2728a7,1000,1,80,0.062565768741916106,0.06469977867915673
v3.1,c530bf2cab2728a7,1000,1,81,0.084015024898194457,0.12469977867915678
v3.1,c530bf2cab2728a7,1000,1,82,0.087423125286951953,0.17530022132084327
v3.1,c530bf2cab2728a7,1000,1,83,0.077519696548200706,0.12499447543970257
v3.1,c530bf2cab2728a7,1000,1,84,0.095721495177620061,0.079005524560297413
v3.1,c530bf2cab2728a7,1000,1,85,0.04902234144454827,0.038994475439702608
v3.1,c530bf2cab2728a7,1000,1,86,0.11628309228887825,0.15030574588114065
v3.1,c530bf2cab2728a7,1000,1,87,0.051636444829777237,0.087300221320843308
v3.1,c530bf2cab2728a7,1000,1,88,0.057575645056016533,0.13330022132084324
v3.1,c530bf2cab2728a7,1000,1,89,0.12685038794330436,0.085694254118859392
v3.1,c530bf2cab2728a7,1000,1,90,0.18724593764615363,0.12469977867915677
v3.1,c530bf2cab2728a7,1000,1,91,0.044228891235450769,0.095005524560297441
v3.1,c530bf2cab2728a7,1000,1,92,0.067763970220083958,0.12299447543970268
v3.1,c530bf2cab2728a7,1000,1,93,0.066571317513743247,0.064699778679156744
v3.1,c530bf2cab2728a7,1000,1,94,0.059892792863843171,0.10730022132084324
v3.1,c530bf2cab2728a7,1000,1,95,0.10840158977324912,0.17469977867915665
v3.1,c530bf2cab2728a7,1000,1,96,0.061555764606936639,0.067694254118859321
v3.1,c530bf2cab2728a7,1000,1,97,0.044609182380885938,0.09730022132084333
v3.1,c530bf2cab2728a7,1000,1,98,0.16109466466732769,0.22669977867915669
v3.1,c530bf2cab2728a7,1000,1,99,0.036961574838238379,0.10869977867915678
v3.1,c530bf2cab2728a7,2000,1,0,0.087699648478035269,0.12469977867915678
v3.1,c530bf2cab2728a7,2000,1,1,0.054178648579596519,0.089300221320843323
v3.1,c530bf2cab2728a7,2000,1,2,0.067752104736065966,0.097994475439702661
v3.1,c530bf2cab2728a7,2000,1,3,0.039706351818662,0.10869977867915673
v3.1,c530bf2cab2728a7,2000,1,4,0.03211373277668185,0.012699778679156705
v3.1,c530bf2cab2728a7,2000,1,5,0.079475165424402486,0.1326997786791568
v3.1,c530bf2cab2728a7,2000,1,6,0.13275204678233971,0.19569977867915675
v3.1,c530bf2cab2728a7,2000,1,7,0.049421698353091813,0.089994475439702654
v3.1,c530bf2cab2728a7,2000,1,8,0.051765143742702621,0.041694254118859311
v3.1,c530bf2cab2728a7,2000,1,9,0.032989159434812648,0.0066997786791566996
v3.1,c530bf2cab2728a7,2000,1,10,0.03465063938481204,0.044300221320843283
v3.1,c530bf2cab2728a7,2000,1,11,0.070485965925655758,0.19300552456029746
v3.1,c530bf2cab2728a7,2000,1,12,0.036143986496735392,0.057994475439702625
v3.1,c530bf2cab2728a7,2000,1,13,0.098104322489950629,0.17899447543970254
v3.1,c530bf2cab2728a7,2000,1,14,0.090491370505539931,0.067994475439702606
v3.1,c530bf2cab2728a7,2000,1,15,0.057523113599078884,0.081305745881140687
v3.1,c530bf2cab2728a7,2000,1,16,0.05164415267024923,0.06469977867915673
v3.1,c530bf2cab2728a7,2000,1,17,0.051796023500678065,0.022994475439702657
v3.1,c530bf2cab2728a7,2000,1,18,0.0445681767643386,0.01500552456029737
v3.1,c530bf2cab2728a7,2000,1,19,0.029258161118937601,0.038994475439702608
v3.1,c530bf2cab2728a7,2000,1,20,0.13755531754037775,0.082699778679156732
v3.1,c530bf2cab2728a7,2000,1,21,0.02673098505703126,0.023699778679156652
v3.1,c530bf2cab2728a7,2000,1,22,0.050603759494309994,0.080699778679156758
v3.1,c530bf2cab2728a7,2000,1,23,0.067089034530174591,0.15030022132084331
v3.1,c530bf2cab2728a7,2000,1,24,0.04421480814844201,0.062994475439702574
v3.1,c530bf2cab2728a7,2000,1,25,0.046152549954159988,0.10199447543970266
v3.1,c530bf2cab2728a7,2000,1,26,0.073578851959928415,0.15899447543970255
v3.1,c530bf2cab2728a7,2000,1,27,0.075733329974980834,0.093300221320843327
v3.1,c530bf2cab2728a7,2000,1,28,0.085338705412606963,0.084994475439702594
v3.1,c530bf2cab2728a7,2000,1,29,0.078962238279783104,0.024694254118859359
v3.1,c530bf2cab2728a7,2000,1,30,0.026843377834993673,0.0039944754397026397
v3.1,c530bf2cab2728a7,2000,1,31,0.034692121536938958,0.056994475439702631
v3.1,c530bf2cab2728a7,2000,1,32,0.030120817923069025,0.01930574588114066
v3.1,c530bf2cab2728a7,2000,1,33,0.076780827745657573,0.075300221320843325
v3.1,c530bf2cab2728a7,2000,1,34,0.03067981443094614,0.034694254118859312
v3.1,c530bf2cab2728a7,2000,1,35,0.02780326292265925,0.0083002213208432582
v3.1,c530bf2cab2728a7,2000,1,36,0.099801282090412238,0.14199447543970262
v3.1,c530bf2cab2728a7,2000,1,37,0.089408682766023456,0.18030022132084328
v3.1,c530bf2cab2728a7,2000,1,38,0.045852982620860232,0.034699778679156711
v3.1,c530bf2cab2728a7,2000,1,39,0.045901831978985612,0.060694254118859321
v3.1,c530bf2cab2728a7,2000,1,40,0.039592665519380808,0.021005524560297383
v3.1,c530bf2cab2728a7,2000,1,41,0.045113565621553477,0.01869425411885936
v3.1,c530bf2cab2728a7,2000,1,42,0.057460861512493994,0.12900552456029735
v3.1,c530bf2cab2728a7,2000,1,43,0.089273931110092367,0.095305745881140699
v3.1,c530bf2cab2728a7,2000,1,44,0.042902052440371555,0.038005524560297342
v3.1,c530bf2cab2728a7,2000,1,45,0.043597122710819475,0.16469977867915667
v3.1,c530bf2cab2728a7,2000,1,46,0.038282728345443787,0.021994475439702593
v3.1,c530bf2cab2728a7,2000,1,47,0.057394615341507915,0.10299447543970261
v3.1,c530bf2cab2728a7,2000,1,48,0.036512471127890279,0.061699778679156672
v3.1,c530bf2cab2728a7,2000,1,49,0.038859828824407354,0.042305745881140611
v3.1,c530bf2cab2728a7,2000,1,50,0.060444937632742696,0.062699778679156742
v3.1,c530bf2cab2728a7,2000,1,51,0.042796963970347636,0.0633002213208433
v3.1,c530bf2cab2728a7,2000,1,52,0.036637531596378781,0.085994475439702595
v3.1,c530bf2cab2728a7,2000,1,53,0.10741491192596016,0.12430022132084328
v3.1,c530bf2cab2728a7,2000,1,54,0.11246902946278989,0.11399447543970259
v3.1,c530bf2cab2728a7,2000,1,55,0.062887667215696635,0.10400552456029739
v3.1,c530bf2cab2728a7,2000,1,56,0.075611124237593794,0.049699778679156661
v3.1,c530bf2cab2728a7,2000,1,57,0.052413223680912814,0.016694254118859414
v3.1,c530bf2cab2728a7,2000,1,58,0.072698491394788817,0.098699778679156774
v3.1,c530bf2cab2728a7,2000,1,59,0.065882114526174748,0.16099447543970255
v3.1,c530bf2cab2728a7,2000,1,60,0.036907823035569415,0.040994475439702555
v3.1,c530bf2cab2728a7,2000,1,61,0.084168309373616218,0.14930022132084325
v3.1,c530bf2cab2728a7,2000,1,62,0.093988049059108042,0.1036997786791567
v3.1,c530bf2cab2728a7,2000,1,63,0.046327314756314714,0.058994475439702578
v3.1,c530bf2cab2728a7,2000,1,64,0.11513032473287635,0.12130022132084321
v3.1,c530bf2cab2728a7,2000,1,65,0.064938687727700964,0.081699778679156704
v3.1,c530bf2cab2728a7,2000,1,66,0.049355621990501197,0.07100552456029742
v3.1,c530bf2cab2728a7,2000,1,67,0.046886327592823213,0.055699778679156681
v3.1,c530bf2cab2728a7,2000,1,68,0.047110642579314056,0.037994475439702607
v3.1,c530bf2cab2728a7,2000,1,69,0.040023601849857732,0.074699778679156753
v3.1,c530bf2cab2728a7,2000,1,70,0.074949087988407687,0.083699778679156678
v3.1,c530bf2cab2728a7,2000,1,71,0.039766196864925205,0.026305745881140666
v3.1,c530bf2cab2728a7,2000,1,72,0.034571202123743067,0.050005524560297387
v3.1,c530bf2cab2728a7,2000,1,73,0.029569355305247493,0.076300221320843298
v3.1,c530bf2cab2728a7,2000,1,74,0.062313510181338773,0.10630022132084327
v3.1,c530bf2cab2728a7,2000,1,75,0.039719092851644891,0.10869977867915678
v3.1,c530bf2cab2728a7,2000,1,76,0.083431920454141217,0.13269977867915678
v3.1,c530bf2cab2728a7,2000,1,77,0.08601450529376764,0.27499447543970257
v3.1,c530bf2cab2728a7,2000,1,78,0.042138000261752719,0.057994475439702618
v3.1,c530bf2cab2728a7,2000,1,79,0.052975825532769874,0.11699447543970257
v3.1,c530bf2cab2728a7,2000,1,80,0.077764861696726376,0.059300221320843338
v3.1,c530bf2cab2728a7,2000,1,81,0.048610228345559933,0.011305745881140597
v3.1,c530bf2cab2728a7,2000,1,82,0.033057843578278831,0.081005524560297443
v3.1,c530bf2cab2728a7,2000,1,83,0.080785470819762409,0.15069977867915665
v3.1,c530bf2cab2728a7,2000,1,84,0.050246743966450715,0.061699778679156686
v3.1,c530bf2cab2728a7,2000,1,85,0.075545790811774954,0.048305745881140616
v3.1,c530bf2cab2728a7,2000,1,86,0.058359819834117199,0.045305745881140613
v3.1,c530bf2cab2728a7,2000,1,87,0.061647691326279258,0.13730022132084324
v3.1,c530bf2cab2728a7,2000,1,88,0.030208818725028484,0.05030022132084324
v3.1,c530bf2cab2728a7,2000,1,89,0.029286756335298897,0.038005524560297398
v3.1,c530bf2cab2728a7,2000,1,90,0.04678661839279491,0.045699778679156672
v3.1,c530bf2cab2728a7,2000,1,91,0.093626948737341828,0.13330022132084324
v3.1,c530bf2cab2728a7,2000,1,92,0.10381245092350025,0.12699447543970258
v3.1,c530bf2cab2728a7,2000,1,93,0.10965141096782288,0.071699778679156681
v3.1,c530bf2cab2728a7,2000,1,94,0.036954826994776584,0.034694254118859368
v3.1,c530bf2cab2728a7,2000,1,95,0.086433740477543819,0.21000552456029742
v3.1,c530bf2cab2728a7,2000,1,96,0.056039738506636266,0.058305745881140625
v3.1,c530bf2cab2728a7,2000,1,97,0.052497385940361657,0.083994475439702648
v3.1,c530bf2cab2728a7,2000,1,98,0.026896971215578963,0.02830022132084322
v3.1,c530bf2cab2728a7,2000,1,99,0.092314547286732246,0.097305745881140632
v3.1,c530bf2cab2728a7,4000,1,0,0.036071442388692629,0.053494475439702621
v3.1,c530bf2cab2728a7,4000,1,1,0.042626863457152345,0.09849447543970255
v3.1,c530bf2cab2728a7,4000,1,2,0.035761498670620867,0.022694254118859412
v3.1,c530bf2cab2728a7,4000,1,3,0.036898412821442808,0.11119977867915676
v3.1,c530bf2cab2728a7,4000,1,4,0.082403067888955878,0.086300221320843251
v3.1,c530bf2cab2728a7,4000,1,5,0.025268744232124021,0.0098002213208432873
v3.1,c530bf2cab2728a7,4000,1,6,0.051649585891269958,0.054005524560297419
v3.1,c530bf2cab2728a7,4000,1,7,0.051071538512643462,0.088699778679156738
v3.1,c530bf2cab2728a7,4000,1,8,0.050249112854170719,0.046199778679156756
v3.1,c530bf2cab2728a7,4000,1,9,0.03709231394719549,0.03249447543970263
v3.1,c530bf2cab2728a7,4000,1,10,0.027842995463668641,0.016300221320843238
v3.1,c530bf2cab2728a7,4000,1,11,0.045989362683754934,0.12330022132084326
v3.1,c530bf2cab2728a7,4000,1,12,0.070645166962264361,0.091800221320843325
v3.1,c530bf2cab2728a7,4000,1,13,0.036331938139140721,0.058199778679156759
v3.1,c530bf2cab2728a7,4000,1,14,0.030919801636119813,0.031694254118859365
v3.1,c530bf2cab2728a7,4000,1,15,0.018300012321902148,0.019505524560297402
v3.1,c530bf2cab2728a7,4000,1,16,0.059449711193397696,0.12900552456029743
v3.1,c530bf2cab2728a7,4000,1,17,0.031904679026977793,0.026994475439702625
v3.1,c530bf2cab2728a7,4000,1,18,0.040718669372464648,0.091494475439702544
v3.1,c530bf2cab2728a7,4000,1,19,0.057617789622619965,0.11880022132084327
v3.1,c530bf2cab2728a7,4000,1,20,0.024666679877242283,0.01080574588114068
v3.1,c530bf2cab2728a7,4000,1,21,0.066598266893706903,0.12019977867915665
v3.1,c530bf2cab2728a7,4000,1,22,0.052431772937011359,0.081199778679156703
v3.1,c530bf2cab2728a7,4000,1,23,0.047153217479833608,0.029199778679156678
v3.1,c530bf2cab2728a7,4000,1,24,0.028276348166938456,0.0088057458811406294
v3.1,c530bf2cab2728a7,4000,1,25,0.025908816203630378,0.058199778679156773
v3.1,c530bf2cab2728a7,4000,1,26,0.024427055647985231,0.046300221320843236
v3.1,c530bf2cab2728a7,4000,1,27,0.026191720688728125,0.028300221320843241
v3.1,c530bf2cab2728a7,4000,1,28,0.034344536889549845,0.037005524560297445
v3.1,c530bf2cab2728a7,4000,1,29,0.05165088561702507,0.072505524560297407
v3.1,c530bf2cab2728a7,4000,1,30,0.06040184054685796,0.095505524560297428
v3.1,c530bf2cab2728a7,4000,1,31,0.048656798210660407,0.093505524560297426
v3.1,c530bf2cab2728a7,4000,1,32,0.054724073251383246,0.12500552456029743
v3.1,c530bf2cab2728a7,4000,1,33,0.051315630602018214,0.09069977867915674
v3.1,c530bf2cab2728a7,4000,1,34,0.027904444332419828,0.029994475439702621
v3.1,c530bf2cab2728a7,4000,1,35,0.066932861484727574,0.098505524560297375
v3.1,c530bf2cab2728a7,4000,1,36,0.077837356899220389,0.13999447543970259
v3.1,c530bf2cab2728a7,4000,1,37,0.027443496821157272,0.011800221320843261
v3.1,c530bf2cab2728a7,4000,1,38,0.082913450790186152,0.15269977867915668
v3.1,c530bf2cab2728a7,4000,1,39,0.051251263844987439,0.085005524560297446
v3.1,c530bf2cab2728a7,4000,1,40,0.046683703308532463,0.05930022132084331
v3.1,c530bf2cab2728a7,4000,1,41,0.045309524004698301,0.039300221320843313
v3.1,c530bf2cab2728a7,4000,1,42,0.058051847842594859,0.11969977867915671
v3.1,c530bf2cab2728a7,4000,1,43,0.028940297183283097,0.053005524560297432
v3.1,c530bf2cab2728a7,4000,1,44,0.034232362959517482,0.050699778679156746
v3.1,c530bf2cab2728a7,4000,1,45,0.023064669098571654,0.014994475439702587
v3.1,c530bf2cab2728a7,4000,1,46,0.033024642949078614,0.061699778679156679
v3.1,c530bf2cab2728a7,4000,1,47,0.062666507611541411,0.045199778679156692
v3.1,c530bf2cab2728a7,4000,1,48,0.040767209338421054,0.068994475439702607
v3.1,c530bf2cab2728a7,4000,1,49,0.035777682814944964,0.018194254118859388
v3.1,c530bf2cab2728a7,4000,1,50,0.058350631764569866,0.062699778679156742
v3.1,c530bf2cab2728a7,4000,1,51,0.048521713707760594,0.047699778679156674
v3.1,c530bf2cab2728a7,4000,1,52,0.025149748531749491,0.025699778679156682
v3.1,c530bf2cab2728a7,4000,1,53,0.045014947498129523,0.056005524560297393
v3.1,c530bf2cab2728a7,4000,1,54,0.03103871224939668,0.055699778679156667
v3.1,c530bf2cab2728a7,4000,1,55,0.036608918917829872,0.028005524560297354
v3.1,c530bf2cab2728a7,4000,1,56,0.051570962671788283,0.10369977867915671
v3.1,c530bf2cab2728a7,4000,1,57,0.02201320449282506,0.035005524560297423
v3.1,c530bf2cab2728a7,4000,1,58,0.028386201879088521,0.040699778679156751
v3.1,c530bf2cab2728a7,4000,1,59,0.045011839598882844,0.028300221320843269
v3.1,c530bf2cab2728a7,4000,1,60,0.044812861349377606,0.029505524560297466
v3.1,c530bf2cab2728a7,4000,1,61,0.03186299923138422,0.067199778679156691
v3.1,c530bf2cab2728a7,4000,1,62,0.020201731407303636,0.033994475439702541
v3.1,c530bf2cab2728a7,4000,1,63,0.044644844118179053,0.039699778679156687
v3.1,c530bf2cab2728a7,4000,1,64,0.025236780537258197,0.042494475439702584
v3.1,c530bf2cab2728a7,4000,1,65,0.038472956851605219,0.072199778679156779
v3.1,c530bf2cab2728a7,4000,1,66,0.054793620318500352,0.079994475439702561
v3.1,c530bf2cab2728a7,4000,1,67,0.036032001476467887,0.058800221320843241
v3.1,c530bf2cab2728a7,4000,1,68,0.064102462260376442,0.15230022132084331
v3.1,c530bf2cab2728a7,4000,1,69,0.035086593321677101,0.049805745881140701
v3.1,c530bf2cab2728a7,4000,1,70,0.042557563991439618,0.06869977867915672
v3.1,c530bf2cab2728a7,4000,1,71,0.017201109258478176,0.017194254118859387
v3.1,c530bf2cab2728a7,4000,1,72,0.025297850462650536,0.064994475439702576
v3.1,c530bf2cab2728a7,4000,1,73,0.020313563032892133,0.015505524560297371
v3.1,c530bf2cab2728a7,4000,1,74,0.02365281537496023,0.059494475439702675
v3.1,c530bf2cab2728a7,4000,1,75,0.017387149716878887,0.027800221320843269
v3.1,c530bf2cab2728a7,4000,1,76,0.0737671648758777,0.13850552456029747
v3.1,c530bf2cab2728a7,4000,1,77,0.034112891009690491,0.018494475439702597
v3.1,c530bf2cab2728a7,4000,1,78,0.020942695546771639,0.050005524560297429
v3.1,c530bf2cab2728a7,4000,1,79,0.027993319264242925,0.036494475439702606
v3.1,c530bf2cab2728a7,4000,1,80,0.066180740297321419,0.10550552456029744
v3.1,c530bf2cab2728a7,4000,1,81,0.026465261299123154,0.053994475439702649
v3.1,c530bf2cab2728a7,4000,1,82,0.073511992955778038,0.11750552456029743
v3.1,c530bf2cab2728a7,4000,1,83,0.026564068546385697,0.038699778679156714
v3.1,c530bf2cab2728a7,4000,1,84,0.042583333039132358,0.065199778679156689
v3.1,c530bf2cab2728a7,4000,1,85,0.01635678106324976,0.013800221320843291
v3.1,c530bf2cab2728a7,4000,1,86,0.022915770153499177,0.022994475439702594
v3.1,c530bf2cab2728a7,4000,1,87,0.041338293917690831,0.073699778679156669
v3.1,c530bf2cab2728a7,4000,1,88,0.038554439919715799,0.077005524560297356
v3.1,c530bf2cab2728a7,4000,1,89,0.040171714013037554,0.071005524560297392
v3.1,c530bf2cab2728a7,4000,1,90,0.018766727103046898,0.007699778679156756
v3.1,c530bf2cab2728a7,4000,1,91,0.065996078838712835,0.15269977867915666
v3.1,c530bf2cab2728a7,4000,1,92,0.063327992821616316,0.15619977867915669
v3.1,c530bf2cab2728a7,4000,1,93,0.042107122506754094,0.046300221320843264
v3.1,c530bf2cab2728a7,4000,1,94,0.048471560958408627,0.037199778679156685
v3.1,c530bf2cab2728a7,4000,1,95,0.025752464316377337,0.028699778679156733
v3.1,c530bf2cab2728a7,4000,1,96,0.017389486717443375,0.012194254118859382
v3.1,c530bf2cab2728a7,4000,1,97,0.039199092167360769,0.062005524560297356
v3.1,c530bf2cab2728a7,4000,1,98,0.027845058543372006,0.058505524560297353
v3.1,c530bf2cab2728a7,4000,1,99,0.037309421367795123,0.022199778679156769
v3.1,c530bf2cab2728a7,100,0,0,0.27506480673340017,0.35699447543970264
v3.1,c530bf2cab2728a7,100,0,1,0.17639306280984335,0.37699447543970266
v3.1,c530bf2cab2728a7,100,0,2,0.40695118573018241,0.53069977867915674
v3.1,c530bf2cab2728a7,100,0,3,0.44606633656071326,0.65069977867915663
v3.1,c530bf2cab2728a7,100,0,4,0.1754087853813579,0.27699447543970257
v3.1,c530bf2cab2728a7,100,0,5,0.2734710500529749,0.21230574588114071
v3.1,c530bf2cab2728a7,100,0,6,0.12418746846145581,0.1706997786791567
v3.1,c530bf2cab2728a7,100,0,7,0.14855745152674021,0.21699447543970257
v3.1,c530bf2cab2728a7,100,0,8,0.47385846425413547,0.63699447543970256
v3.1,c530bf2cab2728a7,100,0,9,0.27798479305465895,0.18930022132084323
v3.1,c530bf2cab2728a7,100,0,10,0.28009908231635894,0.47069977867915674
v3.1,c530bf2cab2728a7,100,0,11,0.20896800364806706,0.33069977867915673
v3.1,c530bf2cab2728a7,100,0,12,0.09011492679585198,0.21069977867915671
v3.1,c530bf2cab2728a7,100,0,13,0.20300305400601876,0.2906997786791567
v3.1,c530bf2cab2728a7,100,0,14,0.8575736735342252,1.3169944754397025
v3.1,c530bf2cab2728a7,100,0,15,0.16206627931605116,0.24300552456029745
v3.1,c530bf2cab2728a7,100,0,16,0.23591737228247855,0.09069977867915674
v3.1,c530bf2cab2728a7,100,0,17,0.19553894856573081,0.35069977867915675
v3.1,c530bf2cab2728a7,100,0,18,0.49767223421824242,0.38300552456029741
v3.1,c530bf2cab2728a7,100,0,19,0.16689359704154322,0.29699447543970259
v3.1,c530bf2cab2728a7,100,0,20,0.1342269384659624,0.13069977867915678
v3.1,c530bf2cab2728a7,100,0,21,0.15616158860274221,0.22300552456029732
v3.1,c530bf2cab2728a7,100,0,22,0.36269420136954633,0.32930022132084324
v3.1,c530bf2cab2728a7,100,0,23,0.5323671562123683,0.27230574588114059
v3.1,c530bf2cab2728a7,100,0,24,0.11587829849210388,0.076994475439702642
v3.1,c530bf2cab2728a7,100,0,25,0.25672811160445597,0.25069977867915672
v3.1,c530bf2cab2728a7,100,0,26,0.232381890930209,0.30930022132084323
v3.1,c530bf2cab2728a7,100,0,27,0.24248003379480182,0.55699447543970249
v3.1,c530bf2cab2728a7,100,0,28,0.24474743658653597,0.50930022132084318
v3.1,c530bf2cab2728a7,100,0,29,0.33255920250899923,0.42300552456029744
v3.1,c530bf2cab2728a7,100,0,30,0.19135162274509143,0.47069977867915669
v3.1,c530bf2cab2728a7,100,0,31,0.26957339372145595,0.13230574588114058
v3.1,c530bf2cab2728a7,100,0,32,0.12646450351041372,0.22930022132084327
v3.1,c530bf2cab2728a7,100,0,33,0.23506949306905614,0.38300552456029741
v3.1,c530bf2cab2728a7,100,0,34,0.2806757562901106,0.10769425411885934
v3.1,c530bf2cab2728a7,100,0,35,0.11593300563591136,0.11069977867915674
v3.1,c530bf2cab2728a7,100,0,36,0.13732503702268148,0.21699447543970257
v3.1,c530bf2cab2728a7,100,0,37,0.21292859977870307,0.45699447543970267
v3.1,c530bf2cab2728a7,100,0,38,0.29736765731469739,0.61699447543970254
v3.1,c530bf2cab2728a7,100,0,39,0.23999364532005618,0.24930022132084328
v3.1,c530bf2cab2728a7,100,0,40,0.25130693776382063,0.54930022132084322
v3.1,c530bf2cab2728a7,100,0,41,0.35555856544674114,0.47699447543970258
v3.1,c530bf2cab2728a7,100,0,42,0.31450377580474609,0.85230574588114061
v3.1,c530bf2cab2728a7,100,0,43,0.12720040997918508,0.39699447543970262
v3.1,c530bf2cab2728a7,100,0,44,0.27219360565619066,0.63699447543970256
v3.1,c530bf2cab2728a7,100,0,45,0.47812789090390062,1.0169944754397027
v3.1,c530bf2cab2728a7,100,0,46,0.27387415895736356,0.31069977867915671
v3.1,c530bf2cab2728a7,100,0,47,0.25812560482489044,0.53069977867915674
v3.1,c530bf2cab2728a7,100,0,48,0.22935592799253346,0.13069977867915678
v3.1,c530bf2cab2728a7,100,0,49,0.4029277982674615,0.79699447543970248
v3.1,c530bf2cab2728a7,100,0,50,0.29286557671234958,0.4723057458811406
v3.1,c530bf2cab2728a7,100,0,51,0.41290675239312091,0.59230574588114071
v3.1,c530bf2cab2728a7,100,0,52,0.20021329434018384,0.22930022132084327
v3.1,c530bf2cab2728a7,100,0,53,0.53622183878663543,0.55699447543970249
v3.1,c530bf2cab2728a7,100,0,54,0.35170690136949567,0.63069977867915672
v3.1,c530bf2cab2728a7,100,0,55,0.21687177208016023,0.39069977867915678
v3.1,c530bf2cab2728a7,100,0,56,0.33630972575838669,0.69069977867915666
v3.1,c530bf2cab2728a7,100,0,57,0.14857689976470817,0.27699447543970257
v3.1,c530bf2cab2728a7,100,0,58,0.23042011673158219,0.47069977867915674
v3.1,c530bf2cab2728a7,100,0,59,0.15742829417809601,0.24300552456029739
v3.1,c530bf2cab2728a7,100,0,60,0.090182859268203477,0.096994475439702646
v3.1,c530bf2cab2728a7,100,0,61,0.62231898404763619,1.0369944754397027
v3.1,c530bf2cab2728a7,100,0,62,0.22860276379481792,0.19699447543970267
v3.1,c530bf2cab2728a7,100,0,63,0.15690063551457184,0.45699447543970267
v3.1,c530bf2cab2728a7,100,0,64,0.27328276196663115,0.73699447543970253
v3.1,c530bf2cab2728a7,100,0,65,0.20449338265142769,0.31699447543970261
v3.1,c530bf2cab2728a7,100,0,66,0.079122297315111334,0.047694254118859372
v3.1,c530bf2cab2728a7,100,0,67,0.2128150981570559,0.22930022132084332
v3.1,c530bf2cab2728a7,100,0,68,0.55295239174766198,0.69699447543970261
v3.1,c530bf2cab2728a7,100,0,69,0.4910692452203404,0.83699447543970251
v3.1,c530bf2cab2728a7,100,0,70,0.45171158775388132,0.65069977867915663
v3.1,c530bf2cab2728a7,100,0,71,0.2411186297264778,0.45069977867915667
v3.1,c530bf2cab2728a7,100,0,72,0.23784691162511512,0.41069977867915664
v3.1,c530bf2cab2728a7,100,0,73,0.49073230393779727,1.0569944754397025
v3.1,c530bf2cab2728a7,100,0,74,0.30216793011802057,0.33069977867915673
v3.1,c530bf2cab2728a7,100,0,75,0.1650825758155019,0.15699447543970263
v3.1,c530bf2cab2728a7,100,0,76,0.22479724352337185,0.40300552456029742
v3.1,c530bf2cab2728a7,100,0,77,0.2903263815616336,0.22930022132084329
v3.1,c530bf2cab2728a7,100,0,78,0.15218989041267481,0.083005524560297431
v3.1,c530bf2cab2728a7,100,0,79,0.25016092852046951,0.5293002213208432
v3.1,c530bf2cab2728a7,100,0,80,0.25378683720140616,0.33069977867915673
v3.1,c530bf2cab2728a7,100,0,81,0.41097730533105969,0.58930022132084325
v3.1,c530bf2cab2728a7,100,0,82,0.35570886401758139,0.2906997786791567
v3.1,c530bf2cab2728a7,100,0,83,0.21025500784207155,0.13069977867915678
v3.1,c530bf2cab2728a7,100,0,84,0.30134100689936005,0.47699447543970253
v3.1,c530bf2cab2728a7,100,0,85,0.19141496508096181,0.10930022132084322
v3.1,c530bf2cab2728a7,100,0,86,0.10680756901157606,0.33069977867915673
v3.1,c530bf2cab2728a7,100,0,87,0.35883269879366669,0.49069977867915671
v3.1,c530bf2cab2728a7,100,0,88,0.24319326041474068,0.32930022132084324
v3.1,c530bf2cab2728a7,100,0,89,0.15760519867639028,0.1630055245602974
v3.1,c530bf2cab2728a7,100,0,90,0.16267175640786952,0.2306997786791567
v3.1,c530bf2cab2728a7,100,0,91,0.22116042996233673,0.37699447543970266
v3.1,c530bf2cab2728a7,100,0,92,0.20710509074251465,0.21699447543970257
v3.1,c530bf2cab2728a7,100,0,93,0.23802957215554946,0.47069977867915669
v3.1,c530bf2cab2728a7,100,0,94,0.10667022402419922,0.09069977867915674
v3.1,c530bf2cab2728a7,100,0,95,0.39661808514072328,0.41069977867915669
v3.1,c530bf2cab2728a7,100,0,96,0.20328250597281999,0.21699447543970257
v3.1,c530bf2cab2728a7,100,0,97,0.26500178214941716,0.27069977867915673
v3.1,c530bf2cab2728a7,100,0,98,0.35961622825571354,0.47069977867915669
v3.1,c530bf2cab2728a7,100,0,99,0.13704138884550712,0.19699447543970255
v3.1,c530bf2cab2728a7,200,0,0,0.29312289593537322,0.53069977867915674
v3.1,c530bf2cab2728a7,200,0,1,0.15279759968298579,0.19699447543970267
v3.1,c530bf2cab2728a7,200,0,2,0.38122895136875001,0.6493002213208432
v3.1,c530bf2cab2728a7,200,0,3,0.16336987776124945,0.18699447543970266
v3.1,c530bf2cab2728a7,200,0,4,0.064614212219704245,0.20300552456029741
v3.1,c530bf2cab2728a7,200,0,5,0.29843831331263393,0.36300552456029744
v3.1,c530bf2cab2728a7,200,0,6,0.17016189494250977,0.41069977867915669
v3.1,c530bf2cab2728a7,200,0,7,0.21796045252555521,0.27699447543970257
v3.1,c530bf2cab2728a7,200,0,8,0.21927654352756248,0.37069977867915677
v3.1,c530bf2cab2728a7,200,0,9,0.23280954013886793,0.30300552456029739
v3.1,c530bf2cab2728a7,200,0,10,0.18650106910179998,0.2169944754397026
v3.1,c530bf2cab2728a7,200,0,11,0.24687209884655364,0.25069977867915672
v3.1,c530bf2cab2728a7,200,0,12,0.16950868792047796,0.22300552456029743
v3.1,c530bf2cab2728a7,200,0,13,0.13157587274413754,0.14069977867915678
v3.1,c530bf2cab2728a7,200,0,14,0.24907521215818851,0.43069977867915671
v3.1,c530bf2cab2728a7,200,0,15,0.18191429864849273,0.4493002213208433
v3.1,c530bf2cab2728a7,200,0,16,0.12508457732631617,0.25069977867915672
v3.1,c530bf2cab2728a7,200,0,17,0.16649564353675822,0.33069977867915679
v3.1,c530bf2cab2728a7,200,0,18,0.1344615087645161,0.040699778679156723
v3.1,c530bf2cab2728a7,200,0,19,0.11446863907775348,0.0369944754397026
v3.1,c530bf2cab2728a7,200,0,20,0.26793308250875209,0.4969944754397026
v3.1,c530bf2cab2728a7,200,0,21,0.10678573917545636,0.14930022132084325
v3.1,c530bf2cab2728a7,200,0,22,0.28424077061960396,0.63069977867915672
v3.1,c530bf2cab2728a7,200,0,23,0.14849721596318655,0.26069977867915672
v3.1,c530bf2cab2728a7,200,0,24,0.20885610809881319,0.59699447543970252
v3.1,c530bf2cab2728a7,200,0,25,0.13944141516844352,0.3769944754397026
v3.1,c530bf2cab2728a7,200,0,26,0.13109626733893703,0.17699447543970254
v3.1,c530bf2cab2728a7,200,0,27,0.084623343617286725,0.13930022132084324
v3.1,c530bf2cab2728a7,200,0,28,0.08507002999158611,0.087694254118859394
v3.1,c530bf2cab2728a7,200,0,29,0.11392458473021734,0.10930022132084322
v3.1,c530bf2cab2728a7,200,0,30,0.1590363017693677,0.28699447543970258
v3.1,c530bf2cab2728a7,200,0,31,0.069391661650954617,0.18699447543970266
v3.1,c530bf2cab2728a7,200,0,32,0.18572022016005518,0.14069977867915678
v3.1,c530bf2cab2728a7,200,0,33,0.2430237845731677,0.26069977867915672
v3.1,c530bf2cab2728a7,200,0,34,0.22378403580678397,0.45300552456029747
v3.1,c530bf2cab2728a7,200,0,35,0.11720601994454191,0.19699447543970255
v3.1,c530bf2cab2728a7,200,0,36,0.11449737250313707,0.077694254118859385
v3.1,c530bf2cab2728a7,200,0,37,0.2301890027687091,0.64699447543970257
v3.1,c530bf2cab2728a7,200,0,38,0.091020361689505169,0.12300552456029741
v3.1,c530bf2cab2728a7,200,0,39,0.10353523754070203,0.16699447543970256
v3.1,c530bf2cab2728a7,200,0,40,0.11055632124330544,0.066994475439702619
v3.1,c530bf2cab2728a7,200,0,41,0.1655546666951046,0.082305745881140688
v3.1,c530bf2cab2728a7,200,0,42,0.22177661918849584,0.34300552456029731
v3.1,c530bf2cab2728a7,200,0,43,0.13514888176491752,0.036994475439702607
v3.1,c530bf2cab2728a7,200,0,44,0.16659330442413156,0.17069977867915667
v3.1,c530bf2cab2728a7,200,0,45,0.26305266535686567,0.75930022132084329
v3.1,c530bf2cab2728a7,200,0,46,0.20374379645498852,0.4493002213208433
v3.1,c530bf2cab2728a7,200,0,47,0.41651169300336305,0.4430055245602974
v3.1,c530bf2cab2728a7,200,0,48,0.15729825198866276,0.38069977867915678
v3.1,c530bf2cab2728a7,200,0,49,0.33374147141302335,0.49930022132084328
v3.1,c530bf2cab2728a7,200,0,50,0.27888038449457847,0.31069977867915671
v3.1,c530bf2cab2728a7,200,0,51,0.19101446044446813,0.27930022132084331
v3.1,c530bf2cab2728a7,200,0,52,0.12496432425259782,0.10930022132084323
v3.1,c530bf2cab2728a7,200,0,53,0.17705641597796479,0.10930022132084322
v3.1,c530bf2cab2728a7,200,0,54,0.15024898411772672,0.37930022132084329
v3.1,c530bf2cab2728a7,200,0,55,0.31890170346889379,0.50069977867915672
v3.1,c530bf2cab2728a7,200,0,56,0.12502174492992885,0.20699447543970256
v3.1,c530bf2cab2728a7,200,0,57,0.54429544718548417,0.86930022132084328
v3.1,c530bf2cab2728a7,200,0,58,0.17829955937087916,0.12699447543970266
v3.1,c530bf2cab2728a7,200,0,59,0.083661772302064757,0.22230574588114071
v3.1,c530bf2cab2728a7,200,0,60,0.1801140742399408,0.29930022132084322
v3.1,c530bf2cab2728a7,200,0,61,0.088514110755079589,0.023005524560297384
v3.1,c530bf2cab2728a7,200,0,62,0.24603969551895288,0.31069977867915671
v3.1,c530bf2cab2728a7,200,0,63,0.16609965819301548,0.17699447543970265
v3.1,c530bf2cab2728a7,200,0,64,0.17950409329686656,0.1930055245602974
v3.1,c530bf2cab2728a7,200,0,65,0.18349582498964284,0.1123057458811407
v3.1,c530bf2cab2728a7,200,0,66,0.17176417676974307,0.19930022132084327
v3.1,c530bf2cab2728a7,200,0,67,0.16455729751614817,0.28699447543970258
v3.1,c530bf2cab2728a7,200,0,68,0.17638290524148109,0.18230574588114062
v3.1,c530bf2cab2728a7,200,0,69,0.19211371116769568,0.27699447543970257
v3.1,c530bf2cab2728a7,200,0,70,0.082840075912736316,0.16069977867915664
v3.1,c530bf2cab2728a7,200,0,71,0.20797529140982046,0.3069944754397026
v3.1,c530bf2cab2728a7,200,0,72,0.23078377004076484,0.4969944754397026
v3.1,c530bf2cab2728a7,200,0,73,0.21566547737901015,0.3006997786791567
v3.1,c530bf2cab2728a7,200,0,74,0.26044715844656552,0.47069977867915669
v3.1,c530bf2cab2728a7,200,0,75,0.13466902238215928,0.19699447543970255
v3.1,c530bf2cab2728a7,200,0,76,0.13306812243834959,0.23300552456029736
v3.1,c530bf2cab2728a7,200,0,77,0.20733119694991711,0.52699447543970268
v3.1,c530bf2cab2728a7,200,0,78,0.24426039595289245,0.25069977867915672
v3.1,c530bf2cab2728a7,200,0,79,0.083393648195253939,0.089300221320843323
v3.1,c530bf2cab2728a7,200,0,80,0.16783130749452899,0.33069977867915673
v3.1,c530bf2cab2728a7,200,0,81,0.32731746122100913,0.34230574588114066
v3.1,c530bf2cab2728a7,200,0,82,0.11939236008833687,0.30930022132084328
v3.1,c530bf2cab2728a7,200,0,83,0.098577762301878119,0.032305745881140671
v3.1,c530bf2cab2728a7,200,0,84,0.18423202209417605,0.45930022132084325
v3.1,c530bf2cab2728a7,200,0,85,0.092309539777282096,0.11300552456029742
v3.1,c530bf2cab2728a7,200,0,86,0.1503850295368917,0.10069977867915675
v3.1,c530bf2cab2728a7,200,0,87,0.19658717133958675,0.3006997786791567
v3.1,c530bf2cab2728a7,200,0,88,0.1929037982340607,0.38069977867915683
v3.1,c530bf2cab2728a7,200,0,89,0.33426004260584019,0.46699447543970257
v3.1,c530bf2cab2728a7,200,0,90,0.19875377376498354,0.37069977867915677
v3.1,c530bf2cab2728a7,200,0,91,0.27601002554365434,0.29930022132084327
v3.1,c530bf2cab2728a7,200,0,92,0.10109881688653531,0.11069977867915677
v3.1,c530bf2cab2728a7,200,0,93,0.28739984443111299,0.40069977867915668
v3.1,c530bf2cab2728a7,200,0,94,0.23793307262278685,0.31699447543970261
v3.1,c530bf2cab2728a7,200,0,95,0.28089689320723632,0.41930022132084327
v3.1,c530bf2cab2728a7,200,0,96,0.24237598839834643,0.45069977867915667
v3.1,c530bf2cab2728a7,200,0,97,0.077416060696216163,0.13699447543970267
v3.1,c530bf2cab2728a7,200,0,98,0.18450450578848543,0.33930022132084325
v3.1,c530bf2cab2728a7,200,0,99,0.27633976263390125,0.62930022132084329
v3.1,c530bf2cab2728a7,500,0,0,0.22293298645230819,0.11900552456029737
v3.1,c530bf2cab2728a7,500,0,1,0.050834083053231664,0.043005524560297402
v3.1,c530bf2cab2728a7,500,0,2,0.097393789894011984,0.068994475439702635
v3.1,c530bf2cab2728a7,500,0,3,0.08895555216574022,0.16130022132084326
v3.1,c530bf2cab2728a7,500,0,4,0.15994649086156104,0.10669977867915677
v3.1,c530bf2cab2728a7,500,0,5,0.082987331852293691,0.098699778679156774
v3.1,c530bf2cab2728a7,500,0,6,0.21663844353356371,0.20030574588114064
v3.1,c530bf2cab2728a7,500,0,7,0.11253305733517965,0.2906997786791567
v3.1,c530bf2cab2728a7,500,0,8,0.16626348840624086,0.15900552456029732
v3.1,c530bf2cab2728a7,500,0,9,0.1766131938787513,0.30269977867915671
v3.1,c530bf2cab2728a7,500,0,10,0.085115257951127482,0.067694254118859376
v3.1,c530bf2cab2728a7,500,0,11,0.084139455666694521,0.15069977867915663
v3.1,c530bf2cab2728a7,500,0,12,0.20971071013726561,0.28269977867915674
v3.1,c530bf2cab2728a7,500,0,13,0.13676797331198715,0.16530022132084327
v3.1,c530bf2cab2728a7,500,0,14,0.111021441566286,0.10269977867915678
v3.1,c530bf2cab2728a7,500,0,15,0.096968686869106521,0.12899447543970266
v3.1,c530bf2cab2728a7,500,0,16,0.086561152466934813,0.13900552456029741
v3.1,c530bf2cab2728a7,500,0,17,0.17658856256850358,0.34930022132084326
v3.1,c530bf2cab2728a7,500,0,18,0.073516651488302692,0.088994475439702653
v3.1,c530bf2cab2728a7,500,0,19,0.12384276602850069,0.25730022132084329
v3.1,c530bf2cab2728a7,500,0,20,0.10791198033557158,0.075694254118859383
v3.1,c530bf2cab2728a7,500,0,21,0.07125266834442387,0.071694254118859324
v3.1,c530bf2cab2728a7,500,0,22,0.17669209470682828,0.027005524560297381
v3.1,c530bf2cab2728a7,500,0,23,0.14133837351961487,0.13230574588114069
v3.1,c530bf2cab2728a7,500,0,24,0.12668144233483991,0.12669977867915677
v3.1,c530bf2cab2728a7,500,0,25,0.085075792131747568,0.094699778679156771
v3.1,c530bf2cab2728a7,500,0,26,0.10151405340189261,0.18899447543970258
v3.1,c530bf2cab2728a7,500,0,27,0.078333493531561049,0.05699447543970261
v3.1,c530bf2cab2728a7,500,0,28,0.052985017065999687,0.080994475439702646
v3.1,c530bf2cab2728a7,500,0,29,0.18928324459448292,0.27730022132084331
v3.1,c530bf2cab2728a7,500,0,30,0.11386502866904788,0.16899447543970253
v3.1,c530bf2cab2728a7,500,0,31,0.12996064139176888,0.14930022132084325
v3.1,c530bf2cab2728a7,500,0,32,0.098352008284706763,0.20499447543970256
v3.1,c530bf2cab2728a7,500,0,33,0.10444543288431574,0.039005524560297399
v3.1,c530bf2cab2728a7,500,0,34,0.046674365443435964,0.03330022132084328
v3.1,c530bf2cab2728a7,500,0,35,0.19000459348648072,0.22930022132084327
v3.1,c530bf2cab2728a7,500,0,36,0.21407272027122715,0.25330022132084329
v3.1,c530bf2cab2728a7,500,0,37,0.06837948976882359,0.14669977867915668
v3.1,c530bf2cab2728a7,500,0,38,0.10893789110054455,0.13869977867915675
v3.1,c530bf2cab2728a7,500,0,39,0.11943157533129299,0.2386997786791567
v3.1,c530bf2cab2728a7,500,0,40,0.13875159516610586,0.12130022132084323
v3.1,c530bf2cab2728a7,500,0,41,0.18932536084292698,0.24669977867915668
v3.1,c530bf2cab2728a7,500,0,42,0.13399180797322652,0.12430574588114071
v3.1,c530bf2cab2728a7,500,0,43,0.07307737333353137,0.028305745881140668
v3.1,c530bf2cab2728a7,500,0,44,0.075655461071708729,0.23330022132084327
v3.1,c530bf2cab2728a7,500,0,45,0.15683314021092656,0.2346997786791567
v3.1,c530bf2cab2728a7,500,0,46,0.084609186044640378,0.060994475439702607
v3.1,c530bf2cab2728a7,500,0,47,0.14127637197823839,0.17330022132084327
v3.1,c530bf2cab2728a7,500,0,48,0.093160472649746057,0.20899447543970257
v3.1,c530bf2cab2728a7,500,0,49,0.082078926037222527,0.13469977867915678
v3.1,c530bf2cab2728a7,500,0,50,0.12906045099546165,0.30499447543970259
v3.1,c530bf2cab2728a7,500,0,51,0.14157196629769803,0.17699447543970265
v3.1,c530bf2cab2728a7,500,0,52,0.22582499157066296,0.29069977867915675
v3.1,c530bf2cab2728a7,500,0,53,0.10405468238341337,0.18499447543970265
v3.1,c530bf2cab2728a7,500,0,54,0.10540161292934236,0.20899447543970257
v3.1,c530bf2cab2728a7,500,0,55,0.17795295950073028,0.099694254118859335
v3.1,c530bf2cab2728a7,500,0,56,0.092252021785722671,0.08269977867915676
v3.1,c530bf2cab2728a7,500,0,57,0.17335732027872452,0.12669977867915677
v3.1,c530bf2cab2728a7,500,0,58,0.09825792264861824,0.2026997786791567
v3.1,c530bf2cab2728a7,500,0,59,0.087045705549704255,0.20669977867915668
v3.1,c530bf2cab2728a7,500,0,60,0.092129165925721124,0.053300221320843291
v3.1,c530bf2cab2728a7,500,0,61,0.13037380566938495,0.22669977867915669
v3.1,c530bf2cab2728a7,500,0,62,0.14314847027893318,0.10930022132084322
v3.1,c530bf2cab2728a7,500,0,63,0.064884231922463287,0.078699778679156743
v3.1,c530bf2cab2728a7,500,0,64,0.11708209577081777,0.19869977867915667
v3.1,c530bf2cab2728a7,500,0,65,0.13232385825208967,0.2986997786791567
v3.1,c530bf2cab2728a7,500,0,66,0.11567540339287216,0.1083057458811407
v3.1,c530bf2cab2728a7,500,0,67,0.12161964336008672,0.26499447543970261
v3.1,c530bf2cab2728a7,500,0,68,0.21115578017850734,0.36530022132084328
v3.1,c530bf2cab2728a7,500,0,69,0.071385333058044426,0.060994475439702614
v3.1,c530bf2cab2728a7,500,0,70,0.16000836219818979,0.14430574588114065
v3.1,c530bf2cab2728a7,500,0,71,0.0979662392870293,0.15330022132084326
v3.1,c530bf2cab2728a7,500,0,72,0.09915308251831538,0.13869977867915675
v3.1,c530bf2cab2728a7,500,0,73,0.23242169097977095,0.26269977867915673
v3.1,c530bf2cab2728a7,500,0,74,0.12426827816919207,0.13500552456029741
v3.1,c530bf2cab2728a7,500,0,75,0.056102464305309449,0.092994475439702656
v3.1,c530bf2cab2728a7,500,0,76,0.067949270868790254,0.15069977867915665
v3.1,c530bf2cab2728a7,500,0,77,0.053738778234884252,0.10499447543970265
v3.1,c530bf2cab2728a7,500,0,78,0.10052270510358731,0.14669977867915668
v3.1,c530bf2cab2728a7,500,0,79,0.11718337941165005,0.22930022132084327
v3.1,c530bf2cab2728a7,500,0,80,0.092902536477772038,0.16930022132084327
v3.1,c530bf2cab2728a7,500,0,81,0.12323627631894835,0.30099447543970259
v3.1,c530bf2cab2728a7,500,0,82,0.056272731026987793,0.10099447543970265
v3.1,c530bf2cab2728a7,500,0,83,0.09574878953146386,0.13069977867915675
v3.1,c530bf2cab2728a7,500,0,84,0.088007730925699593,0.17100552456029741
v3.1,c530bf2cab2728a7,500,0,85,0.22221425042419934,0.38099447543970261
v3.1,c530bf2cab2728a7,500,0,86,0.099563407256713116,0.080994475439702646
v3.1,c530bf2cab2728a7,500,0,87,0.18101740868736527,0.31469977867915672
v3.1,c530bf2cab2728a7,500,0,88,0.04406664071792174,0.11100552456029741
v3.1,c530bf2cab2728a7,500,0,89,0.063748960760773465,0.021300221320843325
v3.1,c530bf2cab2728a7,500,0,90,0.098731966125542373,0.11100552456029739
v3.1,c530bf2cab2728a7,500,0,91,0.11489750792434886,0.11100552456029741
v3.1,c530bf2cab2728a7,500,0,92,0.085296663081798146,0.0036942541188593539
v3.1,c530bf2cab2728a7,500,0,93,0.10867790197392373,0.087694254118859338
v3.1,c530bf2cab2728a7,500,0,94,0.084590371871009956,0.078699778679156757
v3.1,c530bf2cab2728a7,500,0,95,0.14610654245115717,0.24300552456029736
v3.1,c530bf2cab2728a7,500,0,96,0.070494459305985704,0.19469977867915667
v3.1,c530bf2cab2728a7,500,0,97,0.051317915592401397,0.11900552456029741
v3.1,c530bf2cab2728a7,500,0,98,0.062326106929129474,0.16300552456029743
v3.1,c530bf2cab2728a7,500,0,99,0.20450357455154139,0.44099447543970266
v3.1,c530bf2cab2728a7,1000,0,0,0.063296574276070078,0.045300221320843291
v3.1,c530bf2cab2728a7,1000,0,1,0.039074555337061487,0.015694254118859358
v3.1,c530bf2cab2728a7,1000,0,2,0.066226333934649884,0.074699778679156725
v3.1,c530bf2cab2728a7,1000,0,3,0.10836783632600802,0.14469977867915676
v3.1,c530bf2cab2728a7,1000,0,4,0.058376666638823398,0.045005524560297397
v3.1,c530bf2cab2728a7,1000,0,5,0.084711053752202836,0.18099447543970254
v3.1,c530bf2cab2728a7,1000,0,6,0.060735209196641625,0.16099447543970255
v3.1,c530bf2cab2728a7,1000,0,7,0.12838804973495249,0.11669977867915676
v3.1,c530bf2cab2728a7,1000,0,8,0.056905436700071463,0.072994475439702625
v3.1,c530bf2cab2728a7,1000,0,9,0.050464528897496377,0.066305745881140674
v3.1,c530bf2cab2728a7,1000,0,10,0.09474290652436157,0.034994475439702605
v3.1,c530bf2cab2728a7,1000,0,11,0.047560004067646336,0.038305745881140663
v3.1,c530bf2cab2728a7,1000,0,12,0.030501967777891249,0.036699778679156712
v3.1,c530bf2cab2728a7,1000,0,13,0.053863507011705926,0.16500552456029743
v3.1,c530bf2cab2728a7,1000,0,14,0.059435505449546663,0.027005524560297381
v3.1,c530bf2cab2728a7,1000,0,15,0.089042233296941858,0.099300221320843318
v3.1,c530bf2cab2728a7,1000,0,16,0.15541672625442696,0.22069977867915669
v3.1,c530bf2cab2728a7,1000,0,17,0.047259617365149387,0.077300221320843326
v3.1,c530bf2cab2728a7,1000,0,18,0.16088529631000759,0.14469977867915676
v3.1,c530bf2cab2728a7,1000,0,19,0.04816671937962623,0.063005524560297413
v3.1,c530bf2cab2728a7,1000,0,20,0.068837133039304971,0.093005524560297453
v3.1,c530bf2cab2728a7,1000,0,21,0.10311290461190942,0.16899447543970256
v3.1,c530bf2cab2728a7,1000,0,22,0.051146088386393826,0.13930022132084324
v3.1,c530bf2cab2728a7,1000,0,23,0.059535843279050094,0.077005524560297411
v3.1,c530bf2cab2728a7,1000,0,24,0.049484418725043236,0.011005524560297374
v3.1,c530bf2cab2728a7,1000,0,25,0.074686490303156647,0.25269977867915672
v3.1,c530bf2cab2728a7,1000,0,26,0.054697118432305722,0.030994475439702594
v3.1,c530bf2cab2728a7,1000,0,27,0.095535095865029784,0.075694254118859328
v3.1,c530bf2cab2728a7,1000,0,28,0.06165205799964539,0.022994475439702657
v3.1,c530bf2cab2728a7,1000,0,29,0.04213679757428368,0.040699778679156716
v3.1,c530bf2cab2728a7,1000,0,30,0.059578523231809226,0.054994475439702629
v3.1,c530bf2cab2728a7,1000,0,31,0.095846407267248884,0.3089944754397026
v3.1,c530bf2cab2728a7,1000,0,32,0.081349068104844727,0.10069977867915678
v3.1,c530bf2cab2728a7,1000,0,33,0.14861363097077634,0.11900552456029738
v3.1,c530bf2cab2728a7,1000,0,34,0.10749902728831269,0.13469977867915675
v3.1,c530bf2cab2728a7,1000,0,35,0.043202413483173371,0.083005524560297417
v3.1,c530bf2cab2728a7,1000,0,36,0.041550781004794229,0.025300221320843322
v3.1,c530bf2cab2728a7,1000,0,37,0.089217640873285681,0.22100552456029743
v3.1,c530bf2cab2728a7,1000,0,38,0.058361582468739834,0.035300221320843282
v3.1,c530bf2cab2728a7,1000,0,39,0.073571703550969425,0.054305745881140677
v3.1,c530bf2cab2728a7,1000,0,40,0.064360816794609227,0.046994475439702615
v3.1,c530bf2cab2728a7,1000,0,41,0.072293234959071126,0.029300221320843325
v3.1,c530bf2cab2728a7,1000,0,42,0.10048029084040054,0.13430574588114064
v3.1,c530bf2cab2728a7,1000,0,43,0.093615172438382702,0.065005524560297401
v3.1,c530bf2cab2728a7,1000,0,44,0.049059708944068088,0.10469977867915678
v3.1,c530bf2cab2728a7,1000,0,45,0.059341431690949964,0.11930022132084322
v3.1,c530bf2cab2728a7,1000,0,46,0.05745832957626143,0.076994475439702628
v3.1,c530bf2cab2728a7,1000,0,47,0.09098073454516592,0.1130055245602974
v3.1,c530bf2cab2728a7,1000,0,48,0.035322558086517644,0.028994475439702606
v3.1,c530bf2cab2728a7,1000,0,49,0.13223125241273778,0.25900552456029735
v3.1,c530bf2cab2728a7,1000,0,50,0.043497407136137055,0.048994475439702624
v3.1,c530bf2cab2728a7,1000,0,51,0.06112403523052326,0.17099447543970253
v3.1,c530bf2cab2728a7,1000,0,52,0.045070481109489705,0.086699778679156764
v3.1,c530bf2cab2728a7,1000,0,53,0.064510329933866198,0.059300221320843303
v3.1,c530bf2cab2728a7,1000,0,54,0.031489650018592358,0.080994475439702646
v3.1,c530bf2cab2728a7,1000,0,55,0.10714243965065504,0.16499447543970255
v3.1,c530bf2cab2728a7,1000,0,56,0.046607526312362618,0.022305745881140662
v3.1,c530bf2cab2728a7,1000,0,57,0.20069830434619673,0.2906997786791567
v3.1,c530bf2cab2728a7,1000,0,58,0.10350167793373626,0.096994475439702632
v3.1,c530bf2cab2728a7,1000,0,59,0.044179350038344681,0.12730022132084323
v3.1,c530bf2cab2728a7,1000,0,60,0.1053240150418641,0.075300221320843339
v3.1,c530bf2cab2728a7,1000,0,61,0.033109740527847042,0.028994475439702606
v3.1,c530bf2cab2728a7,1000,0,62,0.10123541461318868,0.18299447543970257
v3.1,c530bf2cab2728a7,1000,0,63,0.12454433950714595,0.075694254118859383
v3.1,c530bf2cab2728a7,1000,0,64,0.060548063240348143,0.067300221320843345
v3.1,c530bf2cab2728a7,1000,0,65,0.050536251822855205,0.046994475439702615
v3.1,c530bf2cab2728a7,1000,0,66,0.053741289807517315,0.07069977867915675
v3.1,c530bf2cab2728a7,1000,0,67,0.11268402076321352,0.22469977867915669
v3.1,c530bf2cab2728a7,1000,0,68,0.082714103863106028,0.12869977867915675
v3.1,c530bf2cab2728a7,1000,0,69,0.072227835424224548,0.1073002213208432
v3.1,c530bf2cab2728a7,1000,0,70,0.1364460235432875,0.11930022132084321
v3.1,c530bf2cab2728a7,1000,0,71,0.11408725048352256,0.18899447543970258
v3.1,c530bf2cab2728a7,1000,0,72,0.065548619413430251,0.14499447543970267
v3.1,c530bf2cab2728a7,1000,0,73,0.073879395661770764,0.11299447543970266
v3.1,c530bf2cab2728a7,1000,0,74,0.08349397143766657,0.04569425411885937
v3.1,c530bf2cab2728a7,1000,0,75,0.11716852706326292,0.20899447543970257
v3.1,c530bf2cab2728a7,1000,0,76,0.069692076976681422,0.12299447543970267
v3.1,c530bf2cab2728a7,1000,0,77,0.081311806833512482,0.047300221320843341
v3.1,c530bf2cab2728a7,1000,0,78,0.089043703025323204,0.15699447543970263
v3.1,c530bf2cab2728a7,1000,0,79,0.093908283476355395,0.25899447543970261
v3.1,c530bf2cab2728a7,1000,0,80,0.096536851041152144,0.10230574588114069
v3.1,c530bf2cab2728a7,1000,0,81,0.037135798621853212,0.067005524560297416
v3.1,c530bf2cab2728a7,1000,0,82,0.050826704028635483,0.09699447543970266
v3.1,c530bf2cab2728a7,1000,0,83,0.040767763632662504,0.067005524560297403
v3.1,c530bf2cab2728a7,1000,0,84,0.13292476462565825,0.16669977867915664
v3.1,c530bf2cab2728a7,1000,0,85,0.09031193479882807,0.21499447543970257
v3.1,c530bf2cab2728a7,1000,0,86,0.068894173473990059,0.13499447543970258
v3.1,c530bf2cab2728a7,1000,0,87,0.082031257512959366,0.062305745881140684
v3.1,c530bf2cab2728a7,1000,0,88,0.066691156578393432,0.046699778679156735
v3.1,c530bf2cab2728a7,1000,0,89,0.074501727840988866,0.17069977867915667
v3.1,c530bf2cab2728a7,1000,0,90,0.16220370195596651,0.26669977867915673
v3.1,c530bf2cab2728a7,1000,0,91,0.066141559666927724,0.099005524560297417
v3.1,c530bf2cab2728a7,1000,0,92,0.043997543309444782,0.073005524560297436
v3.1,c530bf2cab2728a7,1000,0,93,0.11824878402127888,0.21669977867915668
v3.1,c530bf2cab2728a7,1000,0,94,0.12941644070796687,0.14530022132084325
v3.1,c530bf2cab2728a7,1000,0,95,0.084157829355291244,0.18069977867915668
v3.1,c530bf2cab2728a7,1000,0,96,0.11610722163076026,0.23100552456029735
v3.1,c530bf2cab2728a7,1000,0,97,0.12797174066651923,0.13699447543970258
v3.1,c530bf2cab2728a7,1000,0,98,0.10633143229527911,0.11699447543970265
v3.1,c530bf2cab2728a7,1000,0,99,0.076730256183968032,0.14299447543970267
v3.1,c530bf2cab2728a7,2000,0,0,0.043152443762763074,0.049994475439702625
v3.1,c530bf2cab2728a7,2000,0,1,0.027982428304714847,0.049699778679156668
v3.1,c530bf2cab2728a7,2000,0,2,0.037585740906587339,0.091699778679156713
v3.1,c530bf2cab2728a7,2000,0,3,0.034021875138306096,0.047699778679156674
v3.1,c530bf2cab2728a7,2000,0,4,0.068112414996926843,0.093005524560297453
v3.1,c530bf2cab2728a7,2000,0,5,0.035830094168166932,0.097699778679156718
v3.1,c530bf2cab2728a7,2000,0,6,0.035937737499923628,0.07000552456029735
v3.1,c530bf2cab2728a7,2000,0,7,0.016858091520844842,0.019300221320843317
v3.1,c530bf2cab2728a7,2000,0,8,0.073348645315381711,0.088699778679156766
v3.1,c530bf2cab2728a7,2000,0,9,0.082054032703320762,0.059005524560297395
v3.1,c530bf2cab2728a7,2000,0,10,0.060784696345885625,0.049694254118859374
v3.1,c530bf2cab2728a7,2000,0,11,0.037540544483082972,0.028699778679156719
v3.1,c530bf2cab2728a7,2000,0,12,0.084159092413367248,0.078699778679156729
v3.1,c530bf2cab2728a7,2000,0,13,0.049654657567432196,0.084300221320843263
v3.1,c530bf2cab2728a7,2000,0,14,0.086269304130459856,0.16869977867915667
v3.1,c530bf2cab2728a7,2000,0,15,0.03997032337533038,0.065005524560297345
v3.1,c530bf2cab2728a7,2000,0,16,0.053643146993963317,0.10430022132084328
v3.1,c530bf2cab2728a7,2000,0,17,0.031826775654068259,0.026694254118859305
v3.1,c530bf2cab2728a7,2000,0,18,0.11327300197934193,0.10730022132084321
v3.1,c530bf2cab2728a7,2000,0,19,0.10206366680890559,0.13069977867915678
v3.1,c530bf2cab2728a7,2000,0,20,0.054653559041946742,0.12169977867915668
v3.1,c530bf2cab2728a7,2000,0,21,0.087510639700033435,0.22299447543970266
v3.1,c530bf2cab2728a7,2000,0,22,0.077784913411965445,0.17769977867915671
v3.1,c530bf2cab2728a7,2000,0,23,0.058818195178013163,0.12299447543970268
v3.1,c530bf2cab2728a7,2000,0,24,0.098985984949918532,0.045300221320843326
v3.1,c530bf2cab2728a7,2000,0,25,0.045154973648661278,0.045699778679156672
v3.1,c530bf2cab2728a7,2000,0,26,0.031236301953057773,0.010699778679156696
v3.1,c530bf2cab2728a7,2000,0,27,0.030327504185625843,0.041994475439702604
v3.1,c530bf2cab2728a7,2000,0,28,0.070122005108728847,0.16630022132084329
v3.1,c530bf2cab2728a7,2000,0,29,0.035780991946760043,0.0096942541188594078
v3.1,c530bf2cab2728a7,2000,0,30,0.069983730028504484,0.098994475439702662
v3.1,c530bf2cab2728a7,2000,0,31,0.072274484725771984,0.048694254118859318
v3.1,c530bf2cab2728a7,2000,0,32,0.033995236973033763,0.054005524560297356
v3.1,c530bf2cab2728a7,2000,0,33,0.098067356740838676,0.1073002213208432
v3.1,c530bf2cab2728a7,2000,0,34,0.042209976220505416,0.024694254118859414
v3.1,c530bf2cab2728a7,2000,0,35,0.051307081604493959,0.07069977867915675
v3.1,c530bf2cab2728a7,2000,0,36,0.11465883611935417,0.20169977867915675
v3.1,c530bf2cab2728a7,2000,0,37,0.046061290756671772,0.046005524560297405
v3.1,c530bf2cab2728a7,2000,0,38,0.035752607197092348,0.060005524560297452
v3.1,c530bf2cab2728a7,2000,0,39,0.10159900225588531,0.19269977867915669
v3.1,c530bf2cab2728a7,2000,0,40,0.056754610221084426,0.050994475439702619
v3.1,c530bf2cab2728a7,2000,0,41,0.048169170353400785,0.047300221320843286
v3.1,c530bf2cab2728a7,2000,0,42,0.050414284232532316,0.14299447543970262
v3.1,c530bf2cab2728a7,2000,0,43,0.025321586041880957,0.034694254118859312
v3.1,c530bf2cab2728a7,2000,0,44,0.052535678256791007,0.050699778679156732
v3.1,c530bf2cab2728a7,2000,0,45,0.086671173565693191,0.11469977867915679
v3.1,c530bf2cab2728a7,2000,0,46,0.023873175168789795,0.074300221320843268
v3.1,c530bf2cab2728a7,2000,0,47,0.023356024761971315,0.036699778679156712
v3.1,c530bf2cab2728a7,2000,0,48,0.071913003929486102,0.14899447543970259
v3.1,c530bf2cab2728a7,2000,0,49,0.059900278742305718,0.14569977867915671
v3.1,c530bf2cab2728a7,2000,0,50,0.052693423791205202,0.083300221320843318
v3.1,c530bf2cab2728a7,2000,0,51,0.062742750634589325,0.064305745881140672
v3.1,c530bf2cab2728a7,2000,0,52,0.039681429304433372,0.0776997786791567
v3.1,c530bf2cab2728a7,2000,0,53,0.072988215540598325,0.11869977867915674
v3.1,c530bf2cab2728a7,2000,0,54,0.032793220312517524,0.010305745881140652
v3.1,c530bf2cab2728a7,2000,0,55,0.057798405853919849,0.094699778679156771
v3.1,c530bf2cab2728a7,2000,0,56,0.045465652767661291,0.033699778679156654
v3.1,c530bf2cab2728a7,2000,0,57,0.054225225288122819,0.17999447543970259
v3.1,c530bf2cab2728a7,2000,0,58,0.032309890683193614,0.0099944754397025895
v3.1,c530bf2cab2728a7,2000,0,59,0.031251921519470718,0.03969977867915666
v3.1,c530bf2cab2728a7,2000,0,60,0.059308995686283589,0.13930022132084324
v3.1,c530bf2cab2728a7,2000,0,61,0.03481290949304458,0.005994475439702586
v3.1,c530bf2cab2728a7,2000,0,62,0.098223642974860831,0.11930022132084322
v3.1,c530bf2cab2728a7,2000,0,63,0.082180860192628921,0.15669977867915666
v3.1,c530bf2cab2728a7,2000,0,64,0.04615077135753002,0.091994475439702628
v3.1,c530bf2cab2728a7,2000,0,65,0.11814358805177999,0.21469977867915668
v3.1,c530bf2cab2728a7,2000,0,66,0.097571458590716864,0.04769977867915666
v3.1,c530bf2cab2728a7,2000,0,67,0.081047381291249956,0.1320055245602974
v3.1,c530bf2cab2728a7,2000,0,68,0.068254576704832426,0.11999447543970268
v3.1,c530bf2cab2728a7,2000,0,69,0.078390362443833073,0.24830022132084328
v3.1,c530bf2cab2728a7,2000,0,70,0.11175343511282049,0.25230022132084329
v3.1,c530bf2cab2728a7,2000,0,71,0.043028453458681476,0.18800552456029745
v3.1,c530bf2cab2728a7,2000,0,72,0.05177428014484349,0.11600552456029735
v3.1,c530bf2cab2728a7,2000,0,73,0.059914123336494207,0.038005524560297391
v3.1,c530bf2cab2728a7,2000,0,74,0.061201979218012376,0.12569977867915669
v3.1,c530bf2cab2728a7,2000,0,75,0.037861212290251488,0.054699778679156721
v3.1,c530bf2cab2728a7,2000,0,76,0.091710399014841737,0.074699778679156753
v3.1,c530bf2cab2728a7,2000,0,77,0.036128030093230699,0.060300221320843249
v3.1,c530bf2cab2728a7,2000,0,78,0.040073088184107278,0.035300221320843282
v3.1,c530bf2cab2728a7,2000,0,79,0.045503687367545564,0.073994475439702639
v3.1,c530bf2cab2728a7,2000,0,80,0.0862475738472612,0.11069977867915676
v3.1,c530bf2cab2728a7,2000,0,81,0.039308661297386069,0.050005524560297346
v3.1,c530bf2cab2728a7,2000,0,82,0.029375113085652167,0.057305745881140679
v3.1,c530bf2cab2728a7,2000,0,83,0.067409199816639537,0.093699778679156714
v3.1,c530bf2cab2728a7,2000,0,84,0.049464468984645529,0.014005524560297432
v3.1,c530bf2cab2728a7,2000,0,85,0.037463035914195621,0.047694254118859372
v3.1,c530bf2cab2728a7,2000,0,86,0.05128267050173077,0.10030022132084326
v3.1,c530bf2cab2728a7,2000,0,87,0.028588541952331969,0.023694254118859413
v3.1,c530bf2cab2728a7,2000,0,88,0.069183797735258012,0.18099447543970257
v3.1,c530bf2cab2728a7,2000,0,89,0.053211345313621171,0.04630574588114067
v3.1,c530bf2cab2728a7,2000,0,90,0.076946742372035457,0.027694254118859417
v3.1,c530bf2cab2728a7,2000,0,91,0.070661176967571113,0.087300221320843349
v3.1,c530bf2cab2728a7,2000,0,92,0.068196376026350522,0.033300221320843329
v3.1,c530bf2cab2728a7,2000,0,93,0.029244448129733445,0.06999447543970258
v3.1,c530bf2cab2728a7,2000,0,94,0.078043900286000514,0.14969977867915671
v3.1,c530bf2cab2728a7,2000,0,95,0.036617194672326443,0.066005524560297374
v3.1,c530bf2cab2728a7,2000,0,96,0.040905218670733753,0.06569977867915669
v3.1,c530bf2cab2728a7,2000,0,97,0.044962688132662659,0.087300221320843321
v3.1,c530bf2cab2728a7,2000,0,98,0.04259684016805583,0.055699778679156681
v3.1,c530bf2cab2728a7,2000,0,99,0.11668958983515718,0.15430022132084331
v3.1,c530bf2cab2728a7,4000,0,0,0.051028830171021639,0.13180022132084329
v3.1,c530bf2cab2728a7,4000,0,1,0.067070292601360243,0.048505524560297324
v3.1,c530bf2cab2728a7,4000,0,2,0.031714131610192639,0.085199778679156707
v3.1,c530bf2cab2728a7,4000,0,3,0.033252380658136689,0.082199778679156787
v3.1,c530bf2cab2728a7,4000,0,4,0.014850362596150945,0.023699778679156687
v3.1,c530bf2cab2728a7,4000,0,5,0.024726023352905933,0.0040055245602974229
v3.1,c530bf2cab2728a7,4000,0,6,0.037492258512489454,0.053994475439702587
v3.1,c530bf2cab2728a7,4000,0,7,0.072795061226492444,0.18019977867915671
v3.1,c530bf2cab2728a7,4000,0,8,0.023194125210431973,0.013199778679156698
v3.1,c530bf2cab2728a7,4000,0,9,0.037411578084151548,0.083005524560297403
v3.1,c530bf2cab2728a7,4000,0,10,0.035990335582205629,0.043505524560297312
v3.1,c530bf2cab2728a7,4000,0,11,0.049274337694813944,0.082005524560297444
v3.1,c530bf2cab2728a7,4000,0,12,0.027843493678206564,0.034300221320843274
v3.1,c530bf2cab2728a7,4000,0,13,0.03517093891614835,0.055800221320843266
v3.1,c530bf2cab2728a7,4000,0,14,0.036443049302043243,0.0089944754397025817
v3.1,c530bf2cab2728a7,4000,0,15,0.027129097019017931,0.044199778679156754
v3.1,c530bf2cab2728a7,4000,0,16,0.049789986319287841,0.12069977867915677
v3.1,c530bf2cab2728a7,4000,0,17,0.019679736410003913,0.048994475439702534
v3.1,c530bf2cab2728a7,4000,0,18,0.023610213741393236,0.043800221320843283
v3.1,c530bf2cab2728a7,4000,0,19,0.045703243273028146,0.033505524560297421
v3.1,c530bf2cab2728a7,4000,0,20,0.045130929388263061,0.055805745881140706
v3.1,c530bf2cab2728a7,4000,0,21,0.039810709798383567,0.020805745881140633
v3.1,c530bf2cab2728a7,4000,0,22,0.024558545086143139,0.025300221320843301
v3.1,c530bf2cab2728a7,4000,0,23,0.031478186318152482,0.032505524560297441
v3.1,c530bf2cab2728a7,4000,0,24,0.067303466492508984,0.066300221320843247
v3.1,c530bf2cab2728a7,4000,0,25,0.038904857669771323,0.030699778679156742
v3.1,c530bf2cab2728a7,4000,0,26,0.0456459843015114,0.039699778679156687
v3.1,c530bf2cab2728a7,4000,0,27,0.037868333233329166,0.088994475439702569
v3.1,c530bf2cab2728a7,4000,0,28,0.044250197531263094,0.086494475439702623
v3.1,c530bf2cab2728a7,4000,0,29,0.067866953236775107,0.079699778679156688
v3.1,c530bf2cab2728a7,4000,0,30,0.057774627631761541,0.12150552456029745
v3.1,c530bf2cab2728a7,4000,0,31,0.045577281769510349,0.070300221320843292
v3.1,c530bf2cab2728a7,4000,0,32,0.040184101790183127,0.060300221320843242
v3.1,c530bf2cab2728a7,4000,0,33,0.030866864041039777,0.058300221320843247
v3.1,c530bf2cab2728a7,4000,0,34,0.053937801947745133,0.066005524560297388
v3.1,c530bf2cab2728a7,4000,0,35,0.053447587678062708,0.07750552456029744
v3.1,c530bf2cab2728a7,4000,0,36,0.029062261124987734,0.022699778679156707
v3.1,c530bf2cab2728a7,4000,0,37,0.021163093912237294,0.039199778679156722
v3.1,c530bf2cab2728a7,4000,0,38,0.038611131935498165,0.035694254118859424
v3.1,c530bf2cab2728a7,4000,0,39,0.018904485907607294,0.062994475439702546
v3.1,c530bf2cab2728a7,4000,0,40,0.046161641280912255,0.067005524560297458
v3.1,c530bf2cab2728a7,4000,0,41,0.037241444473862857,0.06919977867915672
v3.1,c530bf2cab2728a7,4000,0,42,0.015630688118799533,0.016800221320843321
v3.1,c530bf2cab2728a7,4000,0,43,0.020292580294976874,0.041994475439702618
v3.1,c530bf2cab2728a7,4000,0,44,0.02721716039125947,0.06019977867915674
v3.1,c530bf2cab2728a7,4000,0,45,0.030100990785697317,0.05500552456029744
v3.1,c530bf2cab2728a7,4000,0,46,0.067250708820979596,0.10950552456029738
v3.1,c530bf2cab2728a7,4000,0,47,0.025380416112438291,0.069800221320843292
v3.1,c530bf2cab2728a7,4000,0,48,0.024723969159246247,0.018494475439702562
v3.1,c530bf2cab2728a7,4000,0,49,0.042411476890227368,0.076005524560297466
v3.1,c530bf2cab2728a7,4000,0,50,0.042898673073551628,0.08419977867915665
v3.1,c530bf2cab2728a7,4000,0,51,0.063461175359601635,0.13699447543970261
v3.1,c530bf2cab2728a7,4000,0,52,0.050920458812120095,0.084505524560297335
v3.1,c530bf2cab2728a7,4000,0,53,0.06870480234838644,0.10019977867915666
v3.1,c530bf2cab2728a7,4000,0,54,0.025860196182522902,0.062494475439702657
v3.1,c530bf2cab2728a7,4000,0,55,0.033690231146633734,0.12000552456029738
v3.1,c530bf2cab2728a7,4000,0,56,0.066668706340968206,0.061005524560297383
v3.1,c530bf2cab2728a7,4000,0,57,0.040544167493180003,0.10380022132084329
v3.1,c530bf2cab2728a7,4000,0,58,0.026697082387826011,0.021494475439702565
v3.1,c530bf2cab2728a7,4000,0,59,0.018876167538024024,0.045005524560297425
v3.1,c530bf2cab2728a7,4000,0,60,0.048212064548872995,0.096800221320843274
v3.1,c530bf2cab2728a7,4000,0,61,0.031977566739523969,0.08130022132084333
v3.1,c530bf2cab2728a7,4000,0,62,0.068720438804211692,0.087994475439702624
v3.1,c530bf2cab2728a7,4000,0,63,0.03591690943927376,0.058994475439702633
v3.1,c530bf2cab2728a7,4000,0,64,0.060627750379825041,0.082300221320843248
v3.1,c530bf2cab2728a7,4000,0,65,0.036811207363303747,0.040800221320843315
v3.1,c530bf2cab2728a7,4000,0,66,0.019775305851825069,0.015194254118859385
v3.1,c530bf2cab2728a7,4000,0,67,0.050957933923496568,0.081699778679156662
v3.1,c530bf2cab2728a7,4000,0,68,0.053618126597701432,0.091505524560297369
v3.1,c530bf2cab2728a7,4000,0,69,0.040341339198522522,0.033005524560297442
v3.1,c530bf2cab2728a7,4000,0,70,0.040425192756628731,0.090800221320843255
v3.1,c530bf2cab2728a7,4000,0,71,0.038046030943870435,0.063994475439702575
v3.1,c530bf2cab2728a7,4000,0,72,0.042057990960420219,0.047305745881140615
v3.1,c530bf2cab2728a7,4000,0,73,0.029585905665512557,0.089994475439702654
v3.1,c530bf2cab2728a7,4000,0,74,0.093131004534646913,0.13330022132084321
v3.1,c530bf2cab2728a7,4000,0,75,0.035154603586614992,0.073005524560297463
v3.1,c530bf2cab2728a7,4000,0,76,0.070901402648606143,0.14730022132084325
v3.1,c530bf2cab2728a7,4000,0,77,0.062032008281678624,0.14380022132084336
v3.1,c530bf2cab2728a7,4000,0,78,0.017423387593851539,0.0058002213208432837
v3.1,c530bf2cab2728a7,4000,0,79,0.064741641084934243,0.1029944754397026
v3.1,c530bf2cab2728a7,4000,0,80,0.023736355581340664,0.040699778679156751
v3.1,c530bf2cab2728a7,4000,0,81,0.025733925944491781,0.014494475439702614
v3.1,c530bf2cab2728a7,4000,0,82,0.03375137568211925,0.023494475439702629
v3.1,c530bf2cab2728a7,4000,0,83,0.045004444533365412,0.023194254118859385
v3.1,c530bf2cab2728a7,4000,0,84,0.058181844429603474,0.069199778679156693
v3.1,c530bf2cab2728a7,4000,0,85,0.038462930225377931,0.062699778679156742
v3.1,c530bf2cab2728a7,4000,0,86,0.026959510842185355,0.020194254118859389
v3.1,c530bf2cab2728a7,4000,0,87,0.053623503192878723,0.057699778679156682
v3.1,c530bf2cab2728a7,4000,0,88,0.063856877057517553,0.06650552456029736
v3.1,c530bf2cab2728a7,4000,0,89,0.026991138044001078,0.069494475439702663
v3.1,c530bf2cab2728a7,4000,0,90,0.039567219851715671,0.086800221320843265
v3.1,c530bf2cab2728a7,4000,0,91,0.057363957412709721,0.17180022132084322
v3.1,c530bf2cab2728a7,4000,0,92,0.027689785566503443,0.0049944754397026128
v3.1,c530bf2cab2728a7,4000,0,93,0.092175017456326919,0.13069977867915678
v3.1,c530bf2cab2728a7,4000,0,94,0.012804398052367862,0.005300221320843311
v3.1,c530bf2cab2728a7,4000,0,95,0.028694270246070012,0.050005524560297408
v3.1,c530bf2cab2728a7,4000,0,96,0.028638710878900221,0.011805745881140625
v3.1,c530bf2cab2728a7,4000,0,97,0.035554805076001651,0.024699778679156709
v3.1,c530bf2cab2728a7,4000,0,98,0.065460909450845151,0.033694254118859311
v3.1,c530bf2cab2728a7,4000,0,99,0.063717212854427663,0.13119977867915675
