schema_version,config_hash,sample_sizes,model,error_l2,rhs,exact_rhs
v3.1,c530bf2cab2728a7,"[1,5,20]",classical,0.010582165103084374,"[0.023334644902399986,-0.047197918592,0.023863273689600013]","[0.015850076315176823,-0.039717047141208245,0.023866970826031425]"
v3.1,c530bf2cab2728a7,"[1,5,20]",variance_tail,0.0084852246195346159,"[0.022337206885016003,-0.04506711928568744,0.02272991240067144]","[0.015850076315176823,-0.039717047141208245,0.023866970826031425]"
v3.1,c530bf2cab2728a7,"[1,5,20]",moment3_tail,0.0023811252886521629,"[0.014102222191361032,-0.03810580515911731,0.02400358296775628]","[0.015850076315176823,-0.039717047141208245,0.023866970826031425]"
v3.1,c530bf2cab2728a7,"[1,5,20]",moment5_tail,0.00058971813695845785,"[0.01628604667866622,-0.04011203831761999,0.02382599163895377]","[0.015850076315176823,-0.039717047141208245,0.023866970826031425]"
v3.1,c530bf2cab2728a7,"[20,5,1]",classical,0.017050606654725683,"[0.023334644902399986,-0.047197918592,0.023863273689600013]","[0.02967916947336676,-0.03963836604385031,0.009959196570483548]"
v3.1,c530bf2cab2728a7,"[20,5,1]",variance_tail,0.0038247861321241711,"[0.027720692614964373,-0.04076572932702177,0.013045036712057402]","[0.02967916947336676,-0.03963836604385031,0.009959196570483548]"
v3.1,c530bf2cab2728a7,"[20,5,1]",moment3_tail,0.0071868221145492094,"[0.03249590875381986,-0.03658863172358522,0.004092722969765362]","[0.02967916947336676,-0.03963836604385031,0.009959196570483548]"
v3.1,c530bf2cab2728a7,"[20,5,1]",moment5_tail,0.002654465059687403,"[0.02871061849847598,-0.040833234425562415,0.012122615927086435]","[0.02967916947336676,-0.03963836604385031,0.009959196570483548]"
v3.1,c530bf2cab2728a7,"[1,1,20]",classical,0.01825092988300648,"[0.023334644902399986,-0.047197918592,0.023863273689600013]","[0.010940742688881015,-0.0338356613690647,0.02289491868018368]"
v3.1,c530bf2cab2728a7,"[1,1,20]",variance_tail,0.014270623816692671,"[0.021304936808249367,-0.04362893639655883,0.02232399958830946]","[0.010940742688881015,-0.0338356613690647,0.02289491868018368]"
v3.1,c530bf2cab2728a7,"[1,1,20]",moment3_tail,0.0054649913021135831,"[0.007181961613864616,-0.029873787076838954,0.022691825462974338]","[0.010940742688881015,-0.0338356613690647,0.02289491868018368]"
v3.1,c530bf2cab2728a7,"[1,1,20]",moment5_tail,0.002617413205514858,"[0.0127537208776294,-0.0357220782717716,0.022968357394142207]","[0.010940742688881015,-0.0338356613690647,0.02289491868018368]"
v3.1,c530bf2cab2728a7,"[20,1,1]",classical,0.019278876582941459,"[0.023334644902399986,-0.047197918592,0.023863273689600013]","[0.02398838899076484,-0.03390432789990433,0.009915938909139489]"
v3.1,c530bf2cab2728a7,"[20,1,1]",variance_tail,0.0066420792648716536,"[0.026688422538197736,-0.039327546437893164,0.012639123899695428]","[0.02398838899076484,-0.03390432789990433,0.009915938909139489]"
v3.1,c530bf2cab2728a7,"[20,1,1]",moment3_tail,0.009176293983193768,"[0.025575648176323438,-0.028356613641306858,0.002780965464983421]","[0.02398838899076484,-0.03390432789990433,0.009915938909139489]"
v3.1,c530bf2cab2728a7,"[20,1,1]",moment5_tail,0.0052836891169260039,"[0.023274820039614574,-0.0372322143534797,0.013957394313865133]","[0.02398838899076484,-0.03390432789990433,0.009915938909139489]"
