schema_version,config_hash,dimension,m,model,support_bound,status,median_seconds
v3.1,c530bf2cab2728a7,2,1,classical,2,measured,5.8450001233723015e-05
v3.1,c530bf2cab2728a7,2,1,moment3_tail,2,measured,0.00011404999895603396
v3.1,c530bf2cab2728a7,2,1,moment5_tail,2,measured,0.00011574999734875746
v3.1,c530bf2cab2728a7,2,1,exact,2,measured,0.00021699999706470408
v3.1,c530bf2cab2728a7,2,2,classical,3,measured,1.9899998733308166e-05
v3.1,c530bf2cab2728a7,2,2,moment3_tail,3,measured,0.00010135000047739595
v3.1,c530bf2cab2728a7,2,2,moment5_tail,3,measured,9.9199998658150434e-05
v3.1,c530bf2cab2728a7,2,2,exact,3,measured,0.00016340000001946464
v3.1,c530bf2cab2728a7,2,3,classical,4,measured,2.1150000975467265e-05
v3.1,c530bf2cab2728a7,2,3,moment3_tail,4,measured,0.00010150000161956996
v3.1,c530bf2cab2728a7,2,3,moment5_tail,4,measured,0.00010649999967426993
v3.1,c530bf2cab2728a7,2,3,exact,4,measured,0.0001752499993017409
v3.1,c530bf2cab2728a7,2,5,classical,6,measured,2.3050000891089439e-05
v3.1,c530bf2cab2728a7,2,5,moment3_tail,6,measured,0.00011280000035185367
v3.1,c530bf2cab2728a7,2,5,moment5_tail,6,measured,0.00011884999912581407
v3.1,c530bf2cab2728a7,2,5,exact,6,measured,0.00021355000353651121
v3.1,c530bf2cab2728a7,2,8,classical,9,measured,2.1100000594742596e-05
v3.1,c530bf2cab2728a7,2,8,moment3_tail,9,measured,9.8799999250331894e-05
v3.1,c530bf2cab2728a7,2,8,moment5_tail,9,measured,0.00010575000123935752
v3.1,c530bf2cab2728a7,2,8,exact,9,measured,0.00016384999980800785
v3.1,c530bf2cab2728a7,2,12,classical,13,measured,2.1999996533850208e-05
v3.1,c530bf2cab2728a7,2,12,moment3_tail,13,measured,0.00010230000043520704
v3.1,c530bf2cab2728a7,2,12,moment5_tail,13,measured,0.00011535000157891773
v3.1,c530bf2cab2728a7,2,12,exact,13,measured,0.00019130000146105886
v3.1,c530bf2cab2728a7,2,20,classical,21,measured,3.9949998608790338e-05
v3.1,c530bf2cab2728a7,2,20,moment3_tail,21,measured,0.00011719999747583643
v3.1,c530bf2cab2728a7,2,20,moment5_tail,21,measured,0.00011810000069090165
v3.1,c530bf2cab2728a7,2,20,exact,21,measured,0.00022035000438336283
v3.1,c530bf2cab2728a7,3,1,classical,3,measured,2.3099997633835301e-05
v3.1,c530bf2cab2728a7,3,1,moment3_tail,3,measured,0.00029290000384207815
v3.1,c530bf2cab2728a7,3,1,moment5_tail,3,measured,0.00029290000020409934
v3.1,c530bf2cab2728a7,3,1,exact,3,measured,0.00029949999589007348
v3.1,c530bf2cab2728a7,3,2,classical,6,measured,2.2900003386894241e-05
v3.1,c530bf2cab2728a7,3,2,moment3_tail,6,measured,0.00028595000549103133
v3.1,c530bf2cab2728a7,3,2,moment5_tail,6,measured,0.00031310000122175552
v3.1,c530bf2cab2728a7,3,2,exact,6,measured,0.00035209999987273477
v3.1,c530bf2cab2728a7,3,3,classical,10,measured,2.4200002371799201e-05
v3.1,c530bf2cab2728a7,3,3,moment3_tail,10,measured,0.00029879999783588573
v3.1,c530bf2cab2728a7,3,3,moment5_tail,10,measured,0.00034924999999930151
v3.1,c530bf2cab2728a7,3,3,exact,10,measured,0.0005650000020978041
v3.1,c530bf2cab2728a7,3,5,classical,21,measured,2.60499982687179e-05
v3.1,c530bf2cab2728a7,3,5,moment3_tail,21,measured,0.00030495000100927427
v3.1,c530bf2cab2728a7,3,5,moment5_tail,21,measured,0.00034154999957536347
v3.1,c530bf2cab2728a7,3,5,exact,21,measured,0.00055369999972754158
v3.1,c530bf2cab2728a7,3,8,classical,45,measured,3.9700000343145803e-05
v3.1,c530bf2cab2728a7,3,8,moment3_tail,45,measured,0.00028050000037183054
v3.1,c530bf2cab2728a7,3,8,moment5_tail,45,measured,0.00027919999774894677
v3.1,c530bf2cab2728a7,3,8,exact,45,measured,0.00046719999954802915
v3.1,c530bf2cab2728a7,3,12,classical,91,measured,2.5800000003073364e-05
v3.1,c530bf2cab2728a7,3,12,moment3_tail,91,measured,0.00033025000448105857
v3.1,c530bf2cab2728a7,3,12,moment5_tail,91,measured,0.0003302000041003339
v3.1,c530bf2cab2728a7,3,12,exact,91,measured,0.00088949999917531386
v3.1,c530bf2cab2728a7,3,20,classical,231,measured,4.4349999370751902e-05
v3.1,c530bf2cab2728a7,3,20,moment3_tail,231,measured,0.00033584999982849695
v3.1,c530bf2cab2728a7,3,20,moment5_tail,231,measured,0.00036494999949354678
v3.1,c530bf2cab2728a7,3,20,exact,231,measured,0.008224799999879906
v3.1,c530bf2cab2728a7,4,1,classical,4,measured,2.2000000171829015e-05
v3.1,c530bf2cab2728a7,4,1,moment3_tail,4,measured,0.00065825000274344347
v3.1,c530bf2cab2728a7,4,1,moment5_tail,4,measured,0.00062385000273934565
v3.1,c530bf2cab2728a7,4,1,exact,4,measured,0.00048450000394950621
v3.1,c530bf2cab2728a7,4,2,classical,10,measured,2.6450004952494055e-05
v3.1,c530bf2cab2728a7,4,2,moment3_tail,10,measured,0.00056295000104000792
v3.1,c530bf2cab2728a7,4,2,moment5_tail,10,measured,0.00055504999909317121
v3.1,c530bf2cab2728a7,4,2,exact,10,measured,0.00042604999907780439
v3.1,c530bf2cab2728a7,4,3,classical,20,measured,2.2000000171829015e-05
v3.1,c530bf2cab2728a7,4,3,moment3_tail,20,measured,0.00054204999833018519
v3.1,c530bf2cab2728a7,4,3,moment5_tail,20,measured,0.00052779999896301888
v3.1,c530bf2cab2728a7,4,3,exact,20,measured,0.00049684999976307154
v3.1,c530bf2cab2728a7,4,5,classical,56,measured,2.3149998014559969e-05
v3.1,c530bf2cab2728a7,4,5,moment3_tail,56,measured,0.00052119999963906594
v3.1,c530bf2cab2728a7,4,5,moment5_tail,56,measured,0.00048794999747769907
v3.1,c530bf2cab2728a7,4,5,exact,56,measured,0.00081920000229729339
v3.1,c530bf2cab2728a7,4,8,classical,165,measured,2.1250001736916602e-05
v3.1,c530bf2cab2728a7,4,8,moment3_tail,165,measured,0.00051915000221924856
v3.1,c530bf2cab2728a7,4,8,moment5_tail,165,measured,0.0005375500004447531
v3.1,c530bf2cab2728a7,4,8,exact,165,measured,0.0041182499990100041
v3.1,c530bf2cab2728a7,4,12,classical,455,measured,2.13999992411118e-05
v3.1,c530bf2cab2728a7,4,12,moment3_tail,455,measured,0.00050725000255624764
v3.1,c530bf2cab2728a7,4,12,moment5_tail,455,measured,0.00047104999975999817
v3.1,c530bf2cab2728a7,4,12,exact,455,measured,0.053703300000051968
v3.1,c530bf2cab2728a7,4,20,classical,1771,measured,2.1100000594742596e-05
v3.1,c530bf2cab2728a7,4,20,moment3_tail,1771,measured,0.00056080000285874121
v3.1,c530bf2cab2728a7,4,20,moment5_tail,1771,measured,0.00056939999922178686
v3.1,c530bf2cab2728a7,4,20,exact,1771,skipped_work_guard,
v3.1,c530bf2cab2728a7,5,1,classical,5,measured,2.4299999495269731e-05
v3.1,c530bf2cab2728a7,5,1,moment3_tail,5,measured,0.00096159999884548597
v3.1,c530bf2cab2728a7,5,1,moment5_tail,5,measured,0.00095290000172099099
v3.1,c530bf2cab2728a7,5,1,exact,5,measured,0.00063844999749562703
v3.1,c530bf2cab2728a7,5,2,classical,15,measured,2.3200002033263445e-05
v3.1,c530bf2cab2728a7,5,2,moment3_tail,15,measured,0.00092059999951743521
v3.1,c530bf2cab2728a7,5,2,moment5_tail,15,measured,0.00097074999939650297
v3.1,c530bf2cab2728a7,5,2,exact,15,measured,0.00068890000329702161
v3.1,c530bf2cab2728a7,5,3,classical,35,measured,2.4499997380189598e-05
v3.1,c530bf2cab2728a7,5,3,moment3_tail,35,measured,0.00092314999710652046
v3.1,c530bf2cab2728a7,5,3,moment5_tail,35,measured,0.00093694999668514356
v3.1,c530bf2cab2728a7,5,3,exact,35,measured,0.00095014999897102825
v3.1,c530bf2cab2728a7,5,5,classical,126,measured,2.1349998860387132e-05
v3.1,c530bf2cab2728a7,5,5,moment3_tail,126,measured,0.00087345000065397471
v3.1,c530bf2cab2728a7,5,5,moment5_tail,126,measured,0.00098169999910169281
v3.1,c530bf2cab2728a7,5,5,exact,126,measured,0.0041046999976970255
v3.1,c530bf2cab2728a7,5,8,classical,495,measured,2.0849998691119254e-05
v3.1,c530bf2cab2728a7,5,8,moment3_tail,495,measured,0.00092105000294395722
v3.1,c530bf2cab2728a7,5,8,moment5_tail,495,measured,0.00090245000319555402
v3.1,c530bf2cab2728a7,5,8,exact,495,measured,0.11644660000092699
v3.1,c530bf2cab2728a7,5,12,classical,1820,measured,2.335000317543745e-05
v3.1,c530bf2cab2728a7,5,12,moment3_tail,1820,measured,0.00099485000100685284
v3.1,c530bf2cab2728a7,5,12,moment5_tail,1820,measured,0.00093019999985699542
v3.1,c530bf2cab2728a7,5,12,exact,1820,skipped_work_guard,
v3.1,c530bf2cab2728a7,5,20,classical,10626,measured,2.4199998733820394e-05
v3.1,c530bf2cab2728a7,5,20,moment3_tail,10626,measured,0.00093059999926481396
v3.1,c530bf2cab2728a7,5,20,moment5_tail,10626,measured,0.00094794999677105807
v3.1,c530bf2cab2728a7,5,20,exact,10626,skipped_work_guard,
