schema_version,config_hash,profile,game,state_id,m,model,beta,error_l2
v3,58ce92bf16755fdc,full_e1_e2,coordination_2x2,0,1,classical,0.2,0.010427741954041531
v3,58ce92bf16755fdc,full_e1_e2,coordination_2x2,0,1,variance_tail,0.2,0.0052364321773586686
v3,58ce92bf16755fdc,full_e1_e2,coordination_2x2,0,1,moment_tail,0.2,0.00035492935227216161
v3,58ce92bf16755fdc,full_e1_e2,coordination_2x2,0,1,classical,0.1,0.0026729510798249828
v3,58ce92bf16755fdc,full_e1_e2,coordination_2x2,0,1,variance_tail,0.1,0.001243092453025072
v3,58ce92bf16755fdc,full_e1_e2,coordination_2x2,0,1,moment_tail,0.1,2.2716746753425644e-05
v3,58ce92bf16755fdc,full_e1_e2,coordination_2x2,0,1,classical,0.05,0.00067248860118265016
v3,58ce92bf16755fdc,full_e1_e2,coordination_2x2,0,1,variance_tail,0.05,0.00030652228202982917
v3,58ce92bf16755fdc,full_e1_e2,coordination_2x2,0,1,moment_tail,0.05,1.4283554619273953e-06
v3,58ce92bf16755fdc,full_e1_e2,coordination_2x2,0,1,classical,0.025,0.00016838983233807093
v3,58ce92bf16755fdc,full_e1_e2,coordination_2x2,0,1,variance_tail,0.025,7.6362888465053805e-05
v3,58ce92bf16755fdc,full_e1_e2,coordination_2x2,0,1,moment_tail,0.025,8.9406823068555612e-08
v3,58ce92bf16755fdc,full_e1_e2,coordination_2x2,0,2,classical,0.2,0.0085449769082193219
v3,58ce92bf16755fdc,full_e1_e2,coordination_2x2,0,2,variance_tail,0.2,0.001515431224994814
v3,58ce92bf16755fdc,full_e1_e2,coordination_2x2,0,2,moment_tail,0.2,0.00029505551872316757
v3,58ce92bf16755fdc,full_e1_e2,coordination_2x2,0,2,classical,0.1,0.0021910731271769105
v3,58ce92bf16755fdc,full_e1_e2,coordination_2x2,0,2,variance_tail,0.1,0.00032402890612658926
v3,58ce92bf16755fdc,full_e1_e2,coordination_2x2,0,2,moment_tail,0.1,1.8934979558687509e-05
v3,58ce92bf16755fdc,full_e1_e2,coordination_2x2,0,2,classical,0.05,0.00055131060994232598
v3,58ce92bf16755fdc,full_e1_e2,coordination_2x2,0,2,variance_tail,0.05,7.7464898383583267e-05
v3,58ce92bf16755fdc,full_e1_e2,coordination_2x2,0,2,moment_tail,0.05,1.1914167415980082e-06
v3,58ce92bf16755fdc,full_e1_e2,coordination_2x2,0,2,classical,0.025,0.00013805091737070798
v3,58ce92bf16755fdc,full_e1_e2,coordination_2x2,0,2,variance_tail,0.025,1.9142959710774217e-05
v3,58ce92bf16755fdc,full_e1_e2,coordination_2x2,0,2,moment_tail,0.025,7.4589300248462951e-08
v3,58ce92bf16755fdc,full_e1_e2,coordination_2x2,0,5,classical,0.2,0.0063307297443210477
v3,58ce92bf16755fdc,full_e1_e2,coordination_2x2,0,5,variance_tail,0.2,0.00036741878998137155
v3,58ce92bf16755fdc,full_e1_e2,coordination_2x2,0,5,moment_tail,0.2,0.0001721586769779521
v3,58ce92bf16755fdc,full_e1_e2,coordination_2x2,0,5,classical,0.1,0.0016147159485391206
v3,58ce92bf16755fdc,full_e1_e2,coordination_2x2,0,5,variance_tail,0.1,5.9821185036469534e-05
v3,58ce92bf16755fdc,full_e1_e2,coordination_2x2,0,5,moment_tail,0.1,1.1006156785614671e-05
v3,58ce92bf16755fdc,full_e1_e2,coordination_2x2,0,5,classical,0.05,0.00040573867572271107
v3,58ce92bf16755fdc,full_e1_e2,coordination_2x2,0,5,variance_tail,0.05,1.2895607671201171e-05
v3,58ce92bf16755fdc,full_e1_e2,coordination_2x2,0,5,moment_tail,0.05,6.9185060846782908e-07
v3,58ce92bf16755fdc,full_e1_e2,coordination_2x2,0,5,classical,0.025,0.00010156432847625126
v3,58ce92bf16755fdc,full_e1_e2,coordination_2x2,0,5,variance_tail,0.025,3.0942423722218993e-06
v3,58ce92bf16755fdc,full_e1_e2,coordination_2x2,0,5,moment_tail,0.025,4.3303106558189724e-08
v3,58ce92bf16755fdc,full_e1_e2,coordination_2x2,0,10,classical,0.2,0.0054076887872685506
v3,58ce92bf16755fdc,full_e1_e2,coordination_2x2,0,10,variance_tail,0.2,0.00016970654739669586
v3,58ce92bf16755fdc,full_e1_e2,coordination_2x2,0,10,moment_tail,0.2,0.00012089151914584099
v3,58ce92bf16755fdc,full_e1_e2,coordination_2x2,0,10,classical,0.1,0.001374446669568483
v3,58ce92bf16755fdc,full_e1_e2,coordination_2x2,0,10,variance_tail,0.1,1.9902164097843102e-05
v3,58ce92bf16755fdc,full_e1_e2,coordination_2x2,0,10,moment_tail,0.1,7.6984070351097611e-06
v3,58ce92bf16755fdc,full_e1_e2,coordination_2x2,0,10,classical,0.05,0.00034505283180374165
v3,58ce92bf16755fdc,full_e1_e2,coordination_2x2,0,10,variance_tail,0.05,3.5343766128251506e-06
v3,58ce92bf16755fdc,full_e1_e2,coordination_2x2,0,10,moment_tail,0.05,4.8343734716144125e-07
v3,58ce92bf16755fdc,full_e1_e2,coordination_2x2,0,10,classical,0.025,8.635381648976556e-05
v3,58ce92bf16755fdc,full_e1_e2,coordination_2x2,0,10,variance_tail,0.025,7.9298561437123631e-07
v3,58ce92bf16755fdc,full_e1_e2,coordination_2x2,0,10,moment_tail,0.025,3.0250797945495924e-08
v3,58ce92bf16755fdc,full_e1_e2,coordination_2x2,0,20,classical,0.2,0.0049107309678980806
v3,58ce92bf16755fdc,full_e1_e2,coordination_2x2,0,20,variance_tail,0.2,0.00010628776694851986
v3,58ce92bf16755fdc,full_e1_e2,coordination_2x2,0,20,moment_tail,0.2,9.4084009885825776e-05
v3,58ce92bf16755fdc,full_e1_e2,coordination_2x2,0,20,classical,0.1,0.0012452304940158314
v3,58ce92bf16755fdc,full_e1_e2,coordination_2x2,0,20,variance_tail,0.1,9.0241896958039515e-06
v3,58ce92bf16755fdc,full_e1_e2,coordination_2x2,0,20,moment_tail,0.1,5.9732504301402424e-06
v3,58ce92bf16755fdc,full_e1_e2,coordination_2x2,0,20,classical,0.05,0.00031242612381738737
v3,58ce92bf16755fdc,full_e1_e2,coordination_2x2,0,20,variance_tail,0.05,1.1375471105067696e-06
v3,58ce92bf16755fdc,full_e1_e2,coordination_2x2,0,20,moment_tail,0.05,3.7481229412028139e-07
v3,58ce92bf16755fdc,full_e1_e2,coordination_2x2,0,20,classical,0.025,7.8176784945704198e-05
v3,58ce92bf16755fdc,full_e1_e2,coordination_2x2,0,20,variance_tail,0.025,2.1413278626441875e-07
v3,58ce92bf16755fdc,full_e1_e2,coordination_2x2,0,20,moment_tail,0.025,2.3449082167796724e-08
v3,58ce92bf16755fdc,full_e1_e2,coordination_2x2,0,inf,classical,0.2,0.0043898840681208555
v3,58ce92bf16755fdc,full_e1_e2,coordination_2x2,0,inf,variance_tail,0.2,6.6758066907138833e-05
v3,58ce92bf16755fdc,full_e1_e2,coordination_2x2,0,inf,moment_tail,0.2,6.6758066907138833e-05
v3,58ce92bf16755fdc,full_e1_e2,coordination_2x2,0,inf,classical,0.1,0.0011099401772076405
v3,58ce92bf16755fdc,full_e1_e2,coordination_2x2,0,inf,variance_tail,0.1,4.2203565493825456e-06
v3,58ce92bf16755fdc,full_e1_e2,coordination_2x2,0,inf,moment_tail,0.1,4.2203565493825456e-06
v3,58ce92bf16755fdc,full_e1_e2,coordination_2x2,0,inf,classical,0.05,0.00027827560068978277
v3,58ce92bf16755fdc,full_e1_e2,coordination_2x2,0,inf,variance_tail,0.05,2.6453274947789056e-07
v3,58ce92bf16755fdc,full_e1_e2,coordination_2x2,0,inf,moment_tail,0.05,2.6453274947789056e-07
v3,58ce92bf16755fdc,full_e1_e2,coordination_2x2,0,inf,classical,0.025,6.9618488137777117e-05
v3,58ce92bf16755fdc,full_e1_e2,coordination_2x2,0,inf,variance_tail,0.025,1.6545222023329972e-08
v3,58ce92bf16755fdc,full_e1_e2,coordination_2x2,0,inf,moment_tail,0.025,1.6545222023329972e-08
v3,58ce92bf16755fdc,full_e1_e2,coordination_2x2,1,1,classical,0.2,0.0064678932257848515
v3,58ce92bf16755fdc,full_e1_e2,coordination_2x2,1,1,variance_tail,0.2,0.0075349072980413247
v3,58ce92bf16755fdc,full_e1_e2,coordination_2x2,1,1,moment_tail,0.2,7.6599520041580548e-05
v3,58ce92bf16755fdc,full_e1_e2,coordination_2x2,1,1,classical,0.1,0.001631687538374548
v3,58ce92bf16755fdc,full_e1_e2,coordination_2x2,1,1,variance_tail,0.1,0.00186901259258206
v3,58ce92bf16755fdc,full_e1_e2,coordination_2x2,1,1,moment_tail,0.1,4.4356480820945459e-06
v3,58ce92bf16755fdc,full_e1_e2,coordination_2x2,1,1,classical,0.05,0.00040875971302564278
v3,58ce92bf16755fdc,full_e1_e2,coordination_2x2,1,1,variance_tail,0.05,0.00046641531971355335
v3,58ce92bf16755fdc,full_e1_e2,coordination_2x2,1,1,moment_tail,0.05,2.7108358858161132e-07
v3,58ce92bf16755fdc,full_e1_e2,coordination_2x2,1,1,classical,0.025,0.00010224085516932034
v3,58ce92bf16755fdc,full_e1_e2,coordination_2x2,1,1,variance_tail,0.025,0.00011655290301552285
v3,58ce92bf16755fdc,full_e1_e2,coordination_2x2,1,1,moment_tail,0.025,1.6843984240664189e-08
v3,58ce92bf16755fdc,full_e1_e2,coordination_2x2,1,2,classical,0.2,0.0052607918711921539
v3,58ce92bf16755fdc,full_e1_e2,coordination_2x2,1,2,variance_tail,0.2,0.0020288846043332144
v3,58ce92bf16755fdc,full_e1_e2,coordination_2x2,1,2,moment_tail,0.2,0.00016430765983324895
v3,58ce92bf16755fdc,full_e1_e2,coordination_2x2,1,2,classical,0.1,0.0013457697605547948
v3,58ce92bf16755fdc,full_e1_e2,coordination_2x2,1,2,variance_tail,0.1,0.00047664935832658146
v3,58ce92bf16755fdc,full_e1_e2,coordination_2x2,1,2,moment_tail,0.1,1.0505122201609719e-05
v3,58ce92bf16755fdc,full_e1_e2,coordination_2x2,1,2,classical,0.05,0.00033840838007687763
v3,58ce92bf16755fdc,full_e1_e2,coordination_2x2,1,2,variance_tail,0.05,0.00011719639964351059
v3,58ce92bf16755fdc,full_e1_e2,coordination_2x2,1,2,moment_tail,0.05,6.6034061226765489e-07
v3,58ce92bf16755fdc,full_e1_e2,coordination_2x2,1,2,classical,0.025,8.4725849638440251e-05
v3,58ce92bf16755fdc,full_e1_e2,coordination_2x2,1,2,variance_tail,0.025,2.9175345291681347e-05
v3,58ce92bf16755fdc,full_e1_e2,coordination_2x2,1,2,moment_tail,0.025,4.1330533890237459e-08
v3,58ce92bf16755fdc,full_e1_e2,coordination_2x2,1,5,classical,0.2,0.0029039743376525072
v3,58ce92bf16755fdc,full_e1_e2,coordination_2x2,1,5,variance_tail,0.2,0.00035782770889236773
v3,58ce92bf16755fdc,full_e1_e2,coordination_2x2,1,5,moment_tail,0.2,5.9495397772377962e-05
v3,58ce92bf16755fdc,full_e1_e2,coordination_2x2,1,5,classical,0.1,0.00073707832715281347
v3,58ce92bf16755fdc,full_e1_e2,coordination_2x2,1,5,variance_tail,0.1,7.8372184483439702e-05
v3,58ce92bf16755fdc,full_e1_e2,coordination_2x2,1,5,moment_tail,0.1,3.7891067034520663e-06
v3,58ce92bf16755fdc,full_e1_e2,coordination_2x2,1,5,classical,0.05,0.00018497890555748317
v3,58ce92bf16755fdc,full_e1_e2,coordination_2x2,1,5,variance_tail,0.05,1.8883722351604664e-05
v3,58ce92bf16755fdc,full_e1_e2,coordination_2x2,1,5,moment_tail,0.05,2.3795290663719567e-07
v3,58ce92bf16755fdc,full_e1_e2,coordination_2x2,1,5,classical,0.025,4.6289324724258154e-05
v3,58ce92bf16755fdc,full_e1_e2,coordination_2x2,1,5,variance_tail,0.025,4.6763322530775836e-06
v3,58ce92bf16755fdc,full_e1_e2,coordination_2x2,1,5,moment_tail,0.025,1.4889891796464499e-08
v3,58ce92bf16755fdc,full_e1_e2,coordination_2x2,1,10,classical,0.2,0.0018206481028128607
v3,58ce92bf16755fdc,full_e1_e2,coordination_2x2,1,10,variance_tail,0.2,9.8529134071837079e-05
v3,58ce92bf16755fdc,full_e1_e2,coordination_2x2,1,10,moment_tail,0.2,2.3946056291849445e-05
v3,58ce92bf16755fdc,full_e1_e2,coordination_2x2,1,10,classical,0.1,0.00045963292332168297
v3,58ce92bf16755fdc,full_e1_e2,coordination_2x2,1,10,variance_tail,0.1,2.0161385899516015e-05
v3,58ce92bf16755fdc,full_e1_e2,coordination_2x2,1,10,moment_tail,0.1,1.5156164545485463e-06
v3,58ce92bf16755fdc,full_e1_e2,coordination_2x2,1,10,classical,0.05,0.00011519210663734903
v3,58ce92bf16755fdc,full_e1_e2,coordination_2x2,1,10,variance_tail,0.05,4.7564706679850558e-06
v3,58ce92bf16755fdc,full_e1_e2,coordination_2x2,1,10,moment_tail,0.05,9.5028306743188992e-08
v3,58ce92bf16755fdc,full_e1_e2,coordination_2x2,1,10,classical,0.025,2.8815839721173551e-05
v3,58ce92bf16755fdc,full_e1_e2,coordination_2x2,1,10,variance_tail,0.025,1.1713046051943163e-06
v3,58ce92bf16755fdc,full_e1_e2,coordination_2x2,1,10,moment_tail,0.025,5.9440148936626177e-09
v3,58ce92bf16755fdc,full_e1_e2,coordination_2x2,1,20,classical,0.2,0.0012187423216353981
v3,58ce92bf16755fdc,full_e1_e2,coordination_2x2,1,20,variance_tail,0.2,2.9122510419230617e-05
v3,58ce92bf16755fdc,full_e1_e2,coordination_2x2,1,20,moment_tail,0.2,1.0476740974223896e-05
v3,58ce92bf16755fdc,full_e1_e2,coordination_2x2,1,20,classical,0.1,0.00030664454118969496
v3,58ce92bf16755fdc,full_e1_e2,coordination_2x2,1,20,variance_tail,0.1,5.3216668239965273e-06
v3,58ce92bf16755fdc,full_e1_e2,coordination_2x2,1,20,moment_tail,0.1,6.6022446275466046e-07
v3,58ce92bf16755fdc,full_e1_e2,coordination_2x2,1,20,classical,0.05,7.6784841518554359e-05
v3,58ce92bf16755fdc,full_e1_e2,coordination_2x2,1,20,variance_tail,0.05,1.2067104849224946e-06
v3,58ce92bf16755fdc,full_e1_e2,coordination_2x2,1,20,moment_tail,0.05,4.1349894621840863e-08
v3,58ce92bf16755fdc,full_e1_e2,coordination_2x2,1,20,classical,0.025,1.9203962139212816e-05
v3,58ce92bf16755fdc,full_e1_e2,coordination_2x2,1,20,variance_tail,0.025,2.9392586169074209e-07
v3,58ce92bf16755fdc,full_e1_e2,coordination_2x2,1,20,moment_tail,0.025,2.5857141057656195e-09
v3,58ce92bf16755fdc,full_e1_e2,coordination_2x2,1,inf,classical,0.2,0.00057496809709555016
v3,58ce92bf16755fdc,full_e1_e2,coordination_2x2,1,inf,variance_tail,0.2,1.5843301290093541e-06
v3,58ce92bf16755fdc,full_e1_e2,coordination_2x2,1,inf,moment_tail,0.2,1.5843301290093541e-06
v3,58ce92bf16755fdc,full_e1_e2,coordination_2x2,1,inf,classical,0.1,0.0001440388792359751
v3,58ce92bf16755fdc,full_e1_e2,coordination_2x2,1,inf,variance_tail,0.1,9.9227570208952899e-08
v3,58ce92bf16755fdc,full_e1_e2,coordination_2x2,1,inf,moment_tail,0.1,9.9227570208952899e-08
v3,58ce92bf16755fdc,full_e1_e2,coordination_2x2,1,inf,classical,0.05,3.6028321736613522e-05
v3,58ce92bf16755fdc,full_e1_e2,coordination_2x2,1,inf,variance_tail,0.05,6.2049649668374677e-09
v3,58ce92bf16755fdc,full_e1_e2,coordination_2x2,1,inf,moment_tail,0.05,6.2049649668374677e-09
v3,58ce92bf16755fdc,full_e1_e2,coordination_2x2,1,inf,classical,0.025,9.0082438143608643e-06
v3,58ce92bf16755fdc,full_e1_e2,coordination_2x2,1,inf,variance_tail,0.025,3.8786107838568548e-10
v3,58ce92bf16755fdc,full_e1_e2,coordination_2x2,1,inf,moment_tail,0.025,3.8786107838568548e-10
v3,58ce92bf16755fdc,full_e1_e2,coordination_2x2,2,1,classical,0.2,0.0033493530793120506
v3,58ce92bf16755fdc,full_e1_e2,coordination_2x2,2,1,variance_tail,0.2,0.0031369582246792531
v3,58ce92bf16755fdc,full_e1_e2,coordination_2x2,2,1,moment_tail,0.2,0.00047090274607696392
v3,58ce92bf16755fdc,full_e1_e2,coordination_2x2,2,1,classical,0.1,0.00092377316189463238
v3,58ce92bf16755fdc,full_e1_e2,coordination_2x2,2,1,variance_tail,0.1,0.00087067444823645164
v3,58ce92bf16755fdc,full_e1_e2,coordination_2x2,2,1,moment_tail,0.1,3.1290794452602452e-05
v3,58ce92bf16755fdc,full_e1_e2,coordination_2x2,2,1,classical,0.05,0.0002367792571540273
v3,58ce92bf16755fdc,full_e1_e2,coordination_2x2,2,1,variance_tail,0.05,0.00022350457873950119
v3,58ce92bf16755fdc,full_e1_e2,coordination_2x2,2,1,moment_tail,0.05,1.9867319327620901e-06
v3,58ce92bf16755fdc,full_e1_e2,coordination_2x2,2,1,classical,0.025,5.9566832891695437e-05
v3,58ce92bf16755fdc,full_e1_e2,coordination_2x2,2,1,variance_tail,0.025,5.6248163288082539e-05
v3,58ce92bf16755fdc,full_e1_e2,coordination_2x2,2,1,moment_tail,0.025,1.2466437998312921e-07
v3,58ce92bf16755fdc,full_e1_e2,coordination_2x2,2,2,classical,0.2,0.00092346133521665379
v3,58ce92bf16755fdc,full_e1_e2,coordination_2x2,2,2,variance_tail,0.2,0.00081726333019402657
v3,58ce92bf16755fdc,full_e1_e2,coordination_2x2,2,2,moment_tail,0.2,8.4701912495026792e-05
v3,58ce92bf16755fdc,full_e1_e2,coordination_2x2,2,2,classical,0.1,0.00024643204368854116
v3,58ce92bf16755fdc,full_e1_e2,coordination_2x2,2,2,variance_tail,0.1,0.000219882542432903
v3,58ce92bf16755fdc,full_e1_e2,coordination_2x2,2,2,moment_tail,0.1,5.6087682393602813e-06
v3,58ce92bf16755fdc,full_e1_e2,coordination_2x2,2,2,classical,0.05,6.2654389024829982e-05
v3,58ce92bf16755fdc,full_e1_e2,coordination_2x2,2,2,variance_tail,0.05,5.6017013710939538e-05
v3,58ce92bf16755fdc,full_e1_e2,coordination_2x2,2,2,moment_tail,0.05,3.5581395712612931e-07
v3,58ce92bf16755fdc,full_e1_e2,coordination_2x2,2,2,classical,0.025,1.5730228648336498e-05
v3,58ce92bf16755fdc,full_e1_e2,coordination_2x2,2,2,variance_tail,0.025,1.4070884819882821e-05
v3,58ce92bf16755fdc,full_e1_e2,coordination_2x2,2,2,moment_tail,0.025,2.2322097134055276e-08
v3,58ce92bf16755fdc,full_e1_e2,coordination_2x2,2,5,classical,0.2,0.00017967391514899479
v3,58ce92bf16755fdc,full_e1_e2,coordination_2x2,2,5,variance_tail,0.2,0.00013719401989247088
v3,58ce92bf16755fdc,full_e1_e2,coordination_2x2,2,5,moment_tail,0.2,7.1204189377772493e-06
v3,58ce92bf16755fdc,full_e1_e2,coordination_2x2,2,5,classical,0.1,4.6239665853122899e-05
v3,58ce92bf16755fdc,full_e1_e2,coordination_2x2,2,5,variance_tail,0.1,3.5619692039011314e-05
v3,58ce92bf16755fdc,full_e1_e2,coordination_2x2,2,5,moment_tail,0.1,4.5891766855117667e-07
v3,58ce92bf16755fdc,full_e1_e2,coordination_2x2,2,5,classical,0.05,1.1645737219201043e-05
v3,58ce92bf16755fdc,full_e1_e2,coordination_2x2,2,5,variance_tail,0.05,8.9907437656922372e-06
v3,58ce92bf16755fdc,full_e1_e2,coordination_2x2,2,5,moment_tail,0.05,2.8908661198538298e-08
v3,58ce92bf16755fdc,full_e1_e2,coordination_2x2,2,5,classical,0.025,2.9168511047119994e-06
v3,58ce92bf16755fdc,full_e1_e2,coordination_2x2,2,5,variance_tail,0.025,2.2531027413537347e-06
v3,58ce92bf16755fdc,full_e1_e2,coordination_2x2,2,5,moment_tail,0.025,1.8103653691128995e-09
v3,58ce92bf16755fdc,full_e1_e2,coordination_2x2,2,10,classical,0.2,5.6246152018031752e-05
v3,58ce92bf16755fdc,full_e1_e2,coordination_2x2,2,10,variance_tail,0.2,3.5005626683542456e-05
v3,58ce92bf16755fdc,full_e1_e2,coordination_2x2,2,10,moment_tail,0.2,1.0729830240200346e-06
v3,58ce92bf16755fdc,full_e1_e2,coordination_2x2,2,10,classical,0.1,1.4261614760548221e-05
v3,58ce92bf16755fdc,full_e1_e2,coordination_2x2,2,10,variance_tail,0.1,8.9514834269446793e-06
v3,58ce92bf16755fdc,full_e1_e2,coordination_2x2,2,10,moment_tail,0.1,6.8168999945482954e-08
v3,58ce92bf16755fdc,full_e1_e2,coordination_2x2,2,10,classical,0.05,3.5781676612047632e-06
v3,58ce92bf16755fdc,full_e1_e2,coordination_2x2,2,10,variance_tail,0.05,2.2506348278229674e-06
v3,58ce92bf16755fdc,full_e1_e2,coordination_2x2,2,10,moment_tail,0.05,4.2782788998800099e-09
v3,58ce92bf16755fdc,full_e1_e2,coordination_2x2,2,10,classical,0.025,8.953438143125895e-07
v3,58ce92bf16755fdc,full_e1_e2,coordination_2x2,2,10,variance_tail,0.025,5.634606059859235e-07
v3,58ce92bf16755fdc,full_e1_e2,coordination_2x2,2,10,moment_tail,0.025,2.6767069448173036e-10
v3,58ce92bf16755fdc,full_e1_e2,coordination_2x2,2,20,classical,0.2,1.9470261163392831e-05
v3,58ce92bf16755fdc,full_e1_e2,coordination_2x2,2,20,variance_tail,0.2,8.8494207899202296e-06
v3,58ce92bf16755fdc,full_e1_e2,coordination_2x2,2,20,moment_tail,0.2,1.7023163696993368e-07
v3,58ce92bf16755fdc,full_e1_e2,coordination_2x2,2,20,classical,0.1,4.8993965398296691e-06
v3,58ce92bf16755fdc,full_e1_e2,coordination_2x2,2,20,variance_tail,0.1,2.2441864464807621e-06
v3,58ce92bf16755fdc,full_e1_e2,coordination_2x2,2,20,moment_tail,0.1,1.0726660242085245e-08
v3,58ce92bf16755fdc,full_e1_e2,coordination_2x2,2,20,classical,0.05,1.2268590047662463e-06
v3,58ce92bf16755fdc,full_e1_e2,coordination_2x2,2,20,variance_tail,0.05,5.6305648144764893e-07
v3,58ce92bf16755fdc,full_e1_e2,coordination_2x2,2,20,moment_tail,0.05,6.7179523275628382e-10
v3,58ce92bf16755fdc,full_e1_e2,coordination_2x2,2,20,classical,0.025,3.0684069111413619e-07
v3,58ce92bf16755fdc,full_e1_e2,coordination_2x2,2,20,variance_tail,0.025,1.4089006030296303e-07
v3,58ce92bf16755fdc,full_e1_e2,coordination_2x2,2,20,moment_tail,0.025,4.2008866984925116e-11
v3,58ce92bf16755fdc,full_e1_e2,coordination_2x2,2,inf,classical,0.2,1.1554119928546061e-09
v3,58ce92bf16755fdc,full_e1_e2,coordination_2x2,2,inf,variance_tail,0.2,4.6244129447170561e-16
v3,58ce92bf16755fdc,full_e1_e2,coordination_2x2,2,inf,moment_tail,0.2,4.6244129447170561e-16
v3,58ce92bf16755fdc,full_e1_e2,coordination_2x2,2,inf,classical,0.1,2.8885306606193814e-10
v3,58ce92bf16755fdc,full_e1_e2,coordination_2x2,2,inf,variance_tail,0.1,2.8825916233647431e-17
v3,58ce92bf16755fdc,full_e1_e2,coordination_2x2,2,inf,moment_tail,0.1,2.8825916233647431e-17
v3,58ce92bf16755fdc,full_e1_e2,coordination_2x2,2,inf,classical,0.05,7.2213253559366943e-11
v3,58ce92bf16755fdc,full_e1_e2,coordination_2x2,2,inf,variance_tail,0.05,1.2266347333466993e-18
v3,58ce92bf16755fdc,full_e1_e2,coordination_2x2,2,inf,moment_tail,0.05,1.2266347333466993e-18
v3,58ce92bf16755fdc,full_e1_e2,coordination_2x2,2,inf,classical,0.025,1.8053295067832488e-11
v3,58ce92bf16755fdc,full_e1_e2,coordination_2x2,2,inf,variance_tail,0.025,0
v3,58ce92bf16755fdc,full_e1_e2,coordination_2x2,2,inf,moment_tail,0.025,0
v3,58ce92bf16755fdc,full_e1_e2,coordination_2x2,3,1,classical,0.2,0.01729534188535297
v3,58ce92bf16755fdc,full_e1_e2,coordination_2x2,3,1,variance_tail,0.2,0.004852729911837622
v3,58ce92bf16755fdc,full_e1_e2,coordination_2x2,3,1,moment_tail,0.2,0.0012448689410814191
v3,58ce92bf16755fdc,full_e1_e2,coordination_2x2,3,1,classical,0.1,0.0045532735843564903
v3,58ce92bf16755fdc,full_e1_e2,coordination_2x2,3,1,variance_tail,0.1,0.00098374436494119157
v3,58ce92bf16755fdc,full_e1_e2,coordination_2x2,3,1,moment_tail,0.1,8.1779122252150695e-05
v3,58ce92bf16755fdc,full_e1_e2,coordination_2x2,3,1,classical,0.05,0.0011535859754392493
v3,58ce92bf16755fdc,full_e1_e2,coordination_2x2,3,1,variance_tail,0.05,0.0002306685118851664
v3,58ce92bf16755fdc,full_e1_e2,coordination_2x2,3,1,moment_tail,0.05,5.1772012128963573e-06
v3,58ce92bf16755fdc,full_e1_e2,coordination_2x2,3,1,classical,0.025,0.00028936617151843611
v3,58ce92bf16755fdc,full_e1_e2,coordination_2x2,3,1,variance_tail,0.025,5.6697450312653082e-05
v3,58ce92bf16755fdc,full_e1_e2,coordination_2x2,3,1,moment_tail,0.025,3.2462264463464104e-07
v3,58ce92bf16755fdc,full_e1_e2,coordination_2x2,3,2,classical,0.2,0.010210448113571571
v3,58ce92bf16755fdc,full_e1_e2,coordination_2x2,3,2,variance_tail,0.2,0.0014241355722120726
v3,58ce92bf16755fdc,full_e1_e2,coordination_2x2,3,2,moment_tail,0.2,0.00052217032952303188
v3,58ce92bf16755fdc,full_e1_e2,coordination_2x2,3,2,classical,0.1,0.0026490813918137279
v3,58ce92bf16755fdc,full_e1_e2,coordination_2x2,3,2,variance_tail,0.1,0.00025956452963222685
v3,58ce92bf16755fdc,full_e1_e2,coordination_2x2,3,2,moment_tail,0.1,3.4073218959956846e-05
v3,58ce92bf16755fdc,full_e1_e2,coordination_2x2,3,2,classical,0.05,0.00066863528757124275
v3,58ce92bf16755fdc,full_e1_e2,coordination_2x2,3,2,variance_tail,0.05,5.852619279024096e-05
v3,58ce92bf16755fdc,full_e1_e2,coordination_2x2,3,2,moment_tail,0.05,2.1533651221832669e-06
v3,58ce92bf16755fdc,full_e1_e2,coordination_2x2,3,2,classical,0.025,0.00016756220063918886
v3,58ce92bf16755fdc,full_e1_e2,coordination_2x2,3,2,variance_tail,0.025,1.4228169451216413e-05
v3,58ce92bf16755fdc,full_e1_e2,coordination_2x2,3,2,moment_tail,0.025,1.3496253417255058e-07
v3,58ce92bf16755fdc,full_e1_e2,coordination_2x2,3,5,classical,0.2,0.0050439049064520489
v3,58ce92bf16755fdc,full_e1_e2,coordination_2x2,3,5,variance_tail,0.2,0.00028258591248746332
v3,58ce92bf16755fdc,full_e1_e2,coordination_2x2,3,5,moment_tail,0.2,0.00013827147365720111
v3,58ce92bf16755fdc,full_e1_e2,coordination_2x2,3,5,classical,0.1,0.0012866733500659887
v3,58ce92bf16755fdc,full_e1_e2,coordination_2x2,3,5,variance_tail,0.1,4.4949354668874611e-05
v3,58ce92bf16755fdc,full_e1_e2,coordination_2x2,3,5,moment_tail,0.1,8.8707449613286797e-06
v3,58ce92bf16755fdc,full_e1_e2,coordination_2x2,3,5,classical,0.05,0.0003233278866869708
v3,58ce92bf16755fdc,full_e1_e2,coordination_2x2,3,5,variance_tail,0.05,9.5777894967695684e-06
v3,58ce92bf16755fdc,full_e1_e2,coordination_2x2,3,5,moment_tail,0.05,5.5813706985364637e-07
v3,58ce92bf16755fdc,full_e1_e2,coordination_2x2,3,5,classical,0.025,8.0936563741552692e-05
v3,58ce92bf16755fdc,full_e1_e2,coordination_2x2,3,5,variance_tail,0.025,2.2898553043873087e-06
v3,58ce92bf16755fdc,full_e1_e2,coordination_2x2,3,5,moment_tail,0.025,3.4942197668141067e-08
v3,58ce92bf16755fdc,full_e1_e2,coordination_2x2,3,10,classical,0.2,0.0031344197211842207
v3,58ce92bf16755fdc,full_e1_e2,coordination_2x2,3,10,variance_tail,0.2,8.9373475473902519e-05
v3,58ce92bf16755fdc,full_e1_e2,coordination_2x2,3,10,moment_tail,0.2,5.3294865766317343e-05
v3,58ce92bf16755fdc,full_e1_e2,coordination_2x2,3,10,classical,0.1,0.0007935419439111833
v3,58ce92bf16755fdc,full_e1_e2,coordination_2x2,3,10,variance_tail,0.1,1.2406355253342507e-05
v3,58ce92bf16755fdc,full_e1_e2,coordination_2x2,3,10,moment_tail,0.1,3.3867028264658368e-06
v3,58ce92bf16755fdc,full_e1_e2,coordination_2x2,3,10,classical,0.05,0.00019901959913130155
v3,58ce92bf16755fdc,full_e1_e2,coordination_2x2,3,10,variance_tail,0.05,2.4674756598053661e-06
v3,58ce92bf16755fdc,full_e1_e2,coordination_2x2,3,10,moment_tail,0.05,2.1256255312545068e-07
v3,58ce92bf16755fdc,full_e1_e2,coordination_2x2,3,10,classical,0.025,4.9794741209189286e-05
v3,58ce92bf16755fdc,full_e1_e2,coordination_2x2,3,10,variance_tail,0.025,5.7702748862179664e-07
v3,58ce92bf16755fdc,full_e1_e2,coordination_2x2,3,10,moment_tail,0.025,1.3299211932191659e-08
v3,58ce92bf16755fdc,full_e1_e2,coordination_2x2,3,20,classical,0.2,0.0021397609968220473
v3,58ce92bf16755fdc,full_e1_e2,coordination_2x2,3,20,variance_tail,0.2,3.2683388695361175e-05
v3,58ce92bf16755fdc,full_e1_e2,coordination_2x2,3,20,moment_tail,0.2,2.3663736268484501e-05
v3,58ce92bf16755fdc,full_e1_e2,coordination_2x2,3,20,classical,0.1,0.00053936134423719021
v3,58ce92bf16755fdc,full_e1_e2,coordination_2x2,3,20,variance_tail,0.1,3.7497521421864958e-06
v3,58ce92bf16755fdc,full_e1_e2,coordination_2x2,3,20,moment_tail,0.1,1.4948390354280759e-06
v3,58ce92bf16755fdc,full_e1_e2,coordination_2x2,3,20,classical,0.05,0.00013512036663051465
v3,58ce92bf16755fdc,full_e1_e2,coordination_2x2,3,20,variance_tail,0.05,6.5740746433440979e-07
v3,58ce92bf16755fdc,full_e1_e2,coordination_2x2,3,20,moment_tail,0.05,9.3679187644804842e-08
v3,58ce92bf16755fdc,full_e1_e2,coordination_2x2,3,20,classical,0.025,3.3797652555943202e-05
v3,58ce92bf16755fdc,full_e1_e2,coordination_2x2,3,20,variance_tail,0.025,1.4679096776416e-07
v3,58ce92bf16755fdc,full_e1_e2,coordination_2x2,3,20,moment_tail,0.025,5.8588986113849116e-09
v3,58ce92bf16755fdc,full_e1_e2,coordination_2x2,3,inf,classical,0.2,0.0011167177981584108
v3,58ce92bf16755fdc,full_e1_e2,coordination_2x2,3,inf,variance_tail,0.2,4.3777762182831739e-06
v3,58ce92bf16755fdc,full_e1_e2,coordination_2x2,3,inf,moment_tail,0.2,4.3777762182831739e-06
v3,58ce92bf16755fdc,full_e1_e2,coordination_2x2,3,inf,classical,0.1,0.00027999946931595704
v3,58ce92bf16755fdc,full_e1_e2,coordination_2x2,3,inf,variance_tail,0.1,2.7442427823118393e-07
v3,58ce92bf16755fdc,full_e1_e2,coordination_2x2,3,inf,moment_tail,0.1,2.7442427823118393e-07
v3,58ce92bf16755fdc,full_e1_e2,coordination_2x2,3,inf,classical,0.05,7.0051309126597378e-05
v3,58ce92bf16755fdc,full_e1_e2,coordination_2x2,3,inf,variance_tail,0.05,1.7164271954579219e-08
v3,58ce92bf16755fdc,full_e1_e2,coordination_2x2,3,inf,moment_tail,0.05,1.7164271954579219e-08
v3,58ce92bf16755fdc,full_e1_e2,coordination_2x2,3,inf,classical,0.025,1.751604538319493e-05
v3,58ce92bf16755fdc,full_e1_e2,coordination_2x2,3,inf,variance_tail,0.025,1.0729664479688435e-09
v3,58ce92bf16755fdc,full_e1_e2,coordination_2x2,3,inf,moment_tail,0.025,1.0729664479688435e-09
v3,58ce92bf16755fdc,full_e1_e2,coordination_2x2,4,1,classical,0.2,0.028370910529098917
v3,58ce92bf16755fdc,full_e1_e2,coordination_2x2,4,1,variance_tail,0.2,0.0084182525206662993
v3,58ce92bf16755fdc,full_e1_e2,coordination_2x2,4,1,moment_tail,0.2,0.0018291486908574549
v3,58ce92bf16755fdc,full_e1_e2,coordination_2x2,4,1,classical,0.1,0.0074301939177138163
v3,58ce92bf16755fdc,full_e1_e2,coordination_2x2,4,1,variance_tail,0.1,0.0017670968447272332
v3,58ce92bf16755fdc,full_e1_e2,coordination_2x2,4,1,moment_tail,0.1,0.00011982088727510036
v3,58ce92bf16755fdc,full_e1_e2,coordination_2x2,4,1,classical,0.05,0.001879923751101746
v3,58ce92bf16755fdc,full_e1_e2,coordination_2x2,4,1,variance_tail,0.05,0.0004193989395083984
v3,58ce92bf16755fdc,full_e1_e2,coordination_2x2,4,1,moment_tail,0.05,7.5799501452866641e-06
v3,58ce92bf16755fdc,full_e1_e2,coordination_2x2,4,1,classical,0.025,0.00047140073259247856
v3,58ce92bf16755fdc,full_e1_e2,coordination_2x2,4,1,variance_tail,0.025,0.0001034299400598613
v3,58ce92bf16755fdc,full_e1_e2,coordination_2x2,4,1,moment_tail,0.025,4.7519271912262117e-07
v3,58ce92bf16755fdc,full_e1_e2,coordination_2x2,4,2,classical,0.2,0.0221102404588744
v3,58ce92bf16755fdc,full_e1_e2,coordination_2x2,4,2,variance_tail,0.2,0.0029126657519465953
v3,58ce92bf16755fdc,full_e1_e2,coordination_2x2,4,2,moment_tail,0.2,0.0012653897944943839
v3,58ce92bf16755fdc,full_e1_e2,coordination_2x2,4,2,classical,0.1,0.0057611886765926565
v3,58ce92bf16755fdc,full_e1_e2,coordination_2x2,4,2,variance_tail,0.1,0.00049453787611239614
v3,58ce92bf16755fdc,full_e1_e2,coordination_2x2,4,2,moment_tail,0.1,8.2718886749362934e-05
v3,58ce92bf16755fdc,full_e1_e2,coordination_2x2,4,2,classical,0.05,0.001455746823901511
v3,58ce92bf16755fdc,full_e1_e2,coordination_2x2,4,2,variance_tail,0.05,0.0001081848142745951
v3,58ce92bf16755fdc,full_e1_e2,coordination_2x2,4,2,moment_tail,0.05,5.2300669338564243e-06
v3,58ce92bf16755fdc,full_e1_e2,coordination_2x2,4,2,classical,0.025,0.00036491638982633724
v3,58ce92bf16755fdc,full_e1_e2,coordination_2x2,4,2,variance_tail,0.025,2.6066519717551907e-05
v3,58ce92bf16755fdc,full_e1_e2,coordination_2x2,4,2,moment_tail,0.025,3.2783288232798536e-07
v3,58ce92bf16755fdc,full_e1_e2,coordination_2x2,4,5,classical,0.2,0.01695719432282624
v3,58ce92bf16755fdc,full_e1_e2,coordination_2x2,4,5,variance_tail,0.2,0.0010059577846282695
v3,58ce92bf16755fdc,full_e1_e2,coordination_2x2,4,5,moment_tail,0.2,0.00074239363143585276
v3,58ce92bf16755fdc,full_e1_e2,coordination_2x2,4,5,classical,0.1,0.0043767816151149613
v3,58ce92bf16755fdc,full_e1_e2,coordination_2x2,4,5,variance_tail,0.1,0.00011400641174843001
v3,58ce92bf16755fdc,full_e1_e2,coordination_2x2,4,5,moment_tail,0.1,4.8115373450404352e-05
v3,58ce92bf16755fdc,full_e1_e2,coordination_2x2,4,5,classical,0.05,0.0011031888727366214
v3,58ce92bf16755fdc,full_e1_e2,coordination_2x2,4,5,variance_tail,0.05,1.9508133979030334e-05
v3,58ce92bf16755fdc,full_e1_e2,coordination_2x2,4,5,moment_tail,0.05,3.0353744045435471e-06
v3,58ce92bf16755fdc,full_e1_e2,coordination_2x2,4,5,classical,0.025,0.00027636590524040492
v3,58ce92bf16755fdc,full_e1_e2,coordination_2x2,4,5,variance_tail,0.025,4.3083464383510172e-06
v3,58ce92bf16755fdc,full_e1_e2,coordination_2x2,4,5,moment_tail,0.025,1.9015654469006809e-07
v3,58ce92bf16755fdc,full_e1_e2,coordination_2x2,4,10,classical,0.2,0.014995905357135178
v3,58ce92bf16755fdc,full_e1_e2,coordination_2x2,4,10,variance_tail,0.2,0.00061399538253042421
v3,58ce92bf16755fdc,full_e1_e2,coordination_2x2,4,10,moment_tail,0.2,0.00054810434423239855
v3,58ce92bf16755fdc,full_e1_e2,coordination_2x2,4,10,classical,0.1,0.0038507012165665952
v3,58ce92bf16755fdc,full_e1_e2,coordination_2x2,4,10,variance_tail,0.1,5.1773968349707346e-05
v3,58ce92bf16755fdc,full_e1_e2,coordination_2x2,4,10,moment_tail,0.1,3.5301208775063555e-05
v3,58ce92bf16755fdc,full_e1_e2,coordination_2x2,4,10,classical,0.05,0.00096927727744542313
v3,58ce92bf16755fdc,full_e1_e2,coordination_2x2,4,10,variance_tail,0.05,6.3415187834365246e-06
v3,58ce92bf16755fdc,full_e1_e2,coordination_2x2,4,10,moment_tail,0.05,2.2233288898540803e-06
v3,58ce92bf16755fdc,full_e1_e2,coordination_2x2,4,10,classical,0.025,0.00024273592506973715
v3,58ce92bf16755fdc,full_e1_e2,coordination_2x2,4,10,variance_tail,0.025,1.168773987281523e-06
v3,58ce92bf16755fdc,full_e1_e2,coordination_2x2,4,10,moment_tail,0.025,1.3922651386628575e-07
v3,58ce92bf16755fdc,full_e1_e2,coordination_2x2,4,20,classical,0.2,0.013967898559677843
v3,58ce92bf16755fdc,full_e1_e2,coordination_2x2,4,20,variance_tail,0.2,0.00046537649609342311
v3,58ce92bf16755fdc,full_e1_e2,coordination_2x2,4,20,moment_tail,0.2,0.00044890373651893629
v3,58ce92bf16755fdc,full_e1_e2,coordination_2x2,4,20,classical,0.1,0.0035754129958318142
v3,58ce92bf16755fdc,full_e1_e2,coordination_2x2,4,20,variance_tail,0.1,3.2905768110825755e-05
v3,58ce92bf16755fdc,full_e1_e2,coordination_2x2,4,20,moment_tail,0.1,2.8787578217243309e-05
v3,58ce92bf16755fdc,full_e1_e2,coordination_2x2,4,20,classical,0.05,0.00089923909721338884
v3,58ce92bf16755fdc,full_e1_e2,coordination_2x2,4,20,variance_tail,0.05,2.8405937720749101e-06
v3,58ce92bf16755fdc,full_e1_e2,coordination_2x2,4,20,moment_tail,0.05,1.811046298659673e-06
v3,58ce92bf16755fdc,full_e1_e2,coordination_2x2,4,20,classical,0.025,0.00022514915913483623
v3,58ce92bf16755fdc,full_e1_e2,coordination_2x2,4,20,variance_tail,0.025,3.7076361135307535e-07
v3,58ce92bf16755fdc,full_e1_e2,coordination_2x2,4,20,moment_tail,0.025,1.1337674297963987e-07
v3,58ce92bf16755fdc,full_e1_e2,coordination_2x2,4,inf,classical,0.2,0.01290773620139574
v3,58ce92bf16755fdc,full_e1_e2,coordination_2x2,4,inf,variance_tail,0.2,0.00034891317048111253
v3,58ce92bf16755fdc,full_e1_e2,coordination_2x2,4,inf,moment_tail,0.2,0.00034891317048111253
v3,58ce92bf16755fdc,full_e1_e2,coordination_2x2,4,inf,classical,0.1,0.0032919108153752633
v3,58ce92bf16755fdc,full_e1_e2,coordination_2x2,4,inf,variance_tail,0.1,2.2251527593792891e-05
v3,58ce92bf16755fdc,full_e1_e2,coordination_2x2,4,inf,moment_tail,0.1,2.2251527593792891e-05
v3,58ce92bf16755fdc,full_e1_e2,coordination_2x2,4,inf,classical,0.05,0.0008271427426256578
v3,58ce92bf16755fdc,full_e1_e2,coordination_2x2,4,inf,variance_tail,0.05,1.3978431164100394e-06
v3,58ce92bf16755fdc,full_e1_e2,coordination_2x2,4,inf,moment_tail,0.05,1.3978431164100394e-06
v3,58ce92bf16755fdc,full_e1_e2,coordination_2x2,4,inf,classical,0.025,0.00020704766923496237
v3,58ce92bf16755fdc,full_e1_e2,coordination_2x2,4,inf,variance_tail,0.025,8.7477200319062959e-08
v3,58ce92bf16755fdc,full_e1_e2,coordination_2x2,4,inf,moment_tail,0.025,8.7477200319062959e-08
v3,58ce92bf16755fdc,full_e1_e2,asymmetric_rps_3x3,0,1,classical,0.2,0.0024403296714872276
v3,58ce92bf16755fdc,full_e1_e2,asymmetric_rps_3x3,0,1,variance_tail,0.2,0.00080919218205189843
v3,58ce92bf16755fdc,full_e1_e2,asymmetric_rps_3x3,0,1,moment_tail,0.2,6.6771932903290183e-05
v3,58ce92bf16755fdc,full_e1_e2,asymmetric_rps_3x3,0,1,classical,0.1,0.00062243242899922115
v3,58ce92bf16755fdc,full_e1_e2,asymmetric_rps_3x3,0,1,variance_tail,0.1,0.00019083167636897632
v3,58ce92bf16755fdc,full_e1_e2,asymmetric_rps_3x3,0,1,moment_tail,0.1,4.2748473747957657e-06
v3,58ce92bf16755fdc,full_e1_e2,asymmetric_rps_3x3,0,1,classical,0.05,0.00015640350198000138
v3,58ce92bf16755fdc,full_e1_e2,asymmetric_rps_3x3,0,1,variance_tail,0.05,4.697507235916364e-05
v3,58ce92bf16755fdc,full_e1_e2,asymmetric_rps_3x3,0,1,moment_tail,0.05,2.6882073507206542e-07
v3,58ce92bf16755fdc,full_e1_e2,asymmetric_rps_3x3,0,1,classical,0.025,3.9150968546536379e-05
v3,58ce92bf16755fdc,full_e1_e2,asymmetric_rps_3x3,0,1,variance_tail,0.025,1.1697712857046775e-05
v3,58ce92bf16755fdc,full_e1_e2,asymmetric_rps_3x3,0,1,moment_tail,0.025,1.6827188660466383e-08
v3,58ce92bf16755fdc,full_e1_e2,asymmetric_rps_3x3,0,2,classical,0.2,0.0017247919393516909
v3,58ce92bf16755fdc,full_e1_e2,asymmetric_rps_3x3,0,2,variance_tail,0.2,0.0002212940097468229
v3,58ce92bf16755fdc,full_e1_e2,asymmetric_rps_3x3,0,2,moment_tail,0.2,3.5968681574319131e-05
v3,58ce92bf16755fdc,full_e1_e2,asymmetric_rps_3x3,0,2,classical,0.1,0.0004378906037864898
v3,58ce92bf16755fdc,full_e1_e2,asymmetric_rps_3x3,0,2,variance_tail,0.1,4.8902893522400655e-05
v3,58ce92bf16755fdc,full_e1_e2,asymmetric_rps_3x3,0,2,moment_tail,0.1,2.2885547146280193e-06
v3,58ce92bf16755fdc,full_e1_e2,asymmetric_rps_3x3,0,2,classical,0.05,0.00010990041057607984
v3,58ce92bf16755fdc,full_e1_e2,asymmetric_rps_3x3,0,2,variance_tail,0.05,1.181854355509305e-05
v3,58ce92bf16755fdc,full_e1_e2,asymmetric_rps_3x3,0,2,moment_tail,0.05,1.4368353953521704e-07
v3,58ce92bf16755fdc,full_e1_e2,asymmetric_rps_3x3,0,2,classical,0.025,2.7501989501436998e-05
v3,58ce92bf16755fdc,full_e1_e2,asymmetric_rps_3x3,0,2,variance_tail,0.025,2.9291029265768289e-06
v3,58ce92bf16755fdc,full_e1_e2,asymmetric_rps_3x3,0,2,moment_tail,0.025,8.9904235836931012e-09
v3,58ce92bf16755fdc,full_e1_e2,asymmetric_rps_3x3,0,5,classical,0.2,0.0011256870393568422
v3,58ce92bf16755fdc,full_e1_e2,asymmetric_rps_3x3,0,5,variance_tail,0.2,4.5484106794233586e-05
v3,58ce92bf16755fdc,full_e1_e2,asymmetric_rps_3x3,0,5,moment_tail,0.2,1.5960339093961233e-05
v3,58ce92bf16755fdc,full_e1_e2,asymmetric_rps_3x3,0,5,classical,0.1,0.00028440106341487382
v3,58ce92bf16755fdc,full_e1_e2,asymmetric_rps_3x3,0,5,variance_tail,0.1,8.4544380422012385e-06
v3,58ce92bf16755fdc,full_e1_e2,asymmetric_rps_3x3,0,5,moment_tail,0.1,1.0102981487503335e-06
v3,58ce92bf16755fdc,full_e1_e2,asymmetric_rps_3x3,0,5,classical,0.05,7.1289465410495355e-05
v3,58ce92bf16755fdc,full_e1_e2,asymmetric_rps_3x3,0,5,variance_tail,0.05,1.9302850916477081e-06
v3,58ce92bf16755fdc,full_e1_e2,asymmetric_rps_3x3,0,5,moment_tail,0.05,6.3346904386250399e-08
v3,58ce92bf16755fdc,full_e1_e2,asymmetric_rps_3x3,0,5,classical,0.025,1.7834238985106484e-05
v3,58ce92bf16755fdc,full_e1_e2,asymmetric_rps_3x3,0,5,variance_tail,0.025,4.7111263092454382e-07
v3,58ce92bf16755fdc,full_e1_e2,asymmetric_rps_3x3,0,5,moment_tail,0.025,3.9623721003282233e-09
v3,58ce92bf16755fdc,full_e1_e2,asymmetric_rps_3x3,0,10,classical,0.2,0.00089668398117689733
v3,58ce92bf16755fdc,full_e1_e2,asymmetric_rps_3x3,0,10,variance_tail,0.2,1.7092104157647515e-05
v3,58ce92bf16755fdc,full_e1_e2,asymmetric_rps_3x3,0,10,moment_tail,0.2,9.7314481688439421e-06
v3,58ce92bf16755fdc,full_e1_e2,asymmetric_rps_3x3,0,10,classical,0.1,0.00022598937597100434
v3,58ce92bf16755fdc,full_e1_e2,asymmetric_rps_3x3,0,10,variance_tail,0.1,2.4707659393694871e-06
v3,58ce92bf16755fdc,full_e1_e2,asymmetric_rps_3x3,0,10,moment_tail,0.1,6.1419379879251381e-07
v3,58ce92bf16755fdc,full_e1_e2,asymmetric_rps_3x3,0,10,classical,0.05,5.6612390762962894e-05
v3,58ce92bf16755fdc,full_e1_e2,asymmetric_rps_3x3,0,10,variance_tail,0.05,5.0480917665516808e-07
v3,58ce92bf16755fdc,full_e1_e2,asymmetric_rps_3x3,0,10,moment_tail,0.05,3.8481842099122359e-08
v3,58ce92bf16755fdc,full_e1_e2,asymmetric_rps_3x3,0,10,classical,0.025,1.4160310280457794e-05
v3,58ce92bf16755fdc,full_e1_e2,asymmetric_rps_3x3,0,10,variance_tail,0.025,1.1916597436329654e-07
v3,58ce92bf16755fdc,full_e1_e2,asymmetric_rps_3x3,0,10,moment_tail,0.025,2.4066005630229625e-09
v3,58ce92bf16755fdc,full_e1_e2,asymmetric_rps_3x3,0,20,classical,0.2,0.00077651692769454173
v3,58ce92bf16755fdc,full_e1_e2,asymmetric_rps_3x3,0,20,variance_tail,0.2,8.7011324225886181e-06
v3,58ce92bf16755fdc,full_e1_e2,asymmetric_rps_3x3,0,20,moment_tail,0.2,6.8616296581415404e-06
v3,58ce92bf16755fdc,full_e1_e2,asymmetric_rps_3x3,0,20,classical,0.1,0.00019541069209019519
v3,58ce92bf16755fdc,full_e1_e2,asymmetric_rps_3x3,0,20,variance_tail,0.1,8.9501224162472327e-07
v3,58ce92bf16755fdc,full_e1_e2,asymmetric_rps_3x3,0,20,moment_tail,0.1,4.3222364343933653e-07
v3,58ce92bf16755fdc,full_e1_e2,asymmetric_rps_3x3,0,20,classical,0.05,4.8933549780861685e-05
v3,58ce92bf16755fdc,full_e1_e2,asymmetric_rps_3x3,0,20,variance_tail,0.05,1.4345100818721433e-07
v3,58ce92bf16755fdc,full_e1_e2,asymmetric_rps_3x3,0,20,moment_tail,0.05,2.7067253520891426e-08
v3,58ce92bf16755fdc,full_e1_e2,asymmetric_rps_3x3,0,20,classical,0.025,1.2238454660053198e-05
v3,58ce92bf16755fdc,full_e1_e2,asymmetric_rps_3x3,0,20,variance_tail,0.025,3.08664273541663e-08
v3,58ce92bf16755fdc,full_e1_e2,asymmetric_rps_3x3,0,20,moment_tail,0.025,1.6925381299977809e-09
v3,58ce92bf16755fdc,full_e1_e2,asymmetric_rps_3x3,0,inf,classical,0.2,0.00065251398988451861
v3,58ce92bf16755fdc,full_e1_e2,asymmetric_rps_3x3,0,inf,variance_tail,0.2,4.222126725390722e-06
v3,58ce92bf16755fdc,full_e1_e2,asymmetric_rps_3x3,0,inf,moment_tail,0.2,4.222126725390722e-06
v3,58ce92bf16755fdc,full_e1_e2,asymmetric_rps_3x3,0,inf,classical,0.1,0.00016391334271420767
v3,58ce92bf16755fdc,full_e1_e2,asymmetric_rps_3x3,0,inf,variance_tail,0.1,2.6529800196735941e-07
v3,58ce92bf16755fdc,full_e1_e2,asymmetric_rps_3x3,0,inf,moment_tail,0.1,2.6529800196735941e-07
v3,58ce92bf16755fdc,full_e1_e2,asymmetric_rps_3x3,0,inf,classical,0.05,4.1027713952698013e-05
v3,58ce92bf16755fdc,full_e1_e2,asymmetric_rps_3x3,0,inf,variance_tail,0.05,1.6603396767622404e-08
v3,58ce92bf16755fdc,full_e1_e2,asymmetric_rps_3x3,0,inf,moment_tail,0.05,1.6603396767622404e-08
v3,58ce92bf16755fdc,full_e1_e2,asymmetric_rps_3x3,0,inf,classical,0.025,1.026001975392215e-05
v3,58ce92bf16755fdc,full_e1_e2,asymmetric_rps_3x3,0,inf,variance_tail,0.025,1.0380609215450669e-09
v3,58ce92bf16755fdc,full_e1_e2,asymmetric_rps_3x3,0,inf,moment_tail,0.025,1.0380609215450669e-09
v3,58ce92bf16755fdc,full_e1_e2,asymmetric_rps_3x3,1,1,classical,0.2,0.00053542579866329822
v3,58ce92bf16755fdc,full_e1_e2,asymmetric_rps_3x3,1,1,variance_tail,0.2,0.0010852145162023633
v3,58ce92bf16755fdc,full_e1_e2,asymmetric_rps_3x3,1,1,moment_tail,0.2,2.9111974807722447e-05
v3,58ce92bf16755fdc,full_e1_e2,asymmetric_rps_3x3,1,1,classical,0.1,0.00013810594553290403
v3,58ce92bf16755fdc,full_e1_e2,asymmetric_rps_3x3,1,1,variance_tail,0.1,0.00027662045715039256
v3,58ce92bf16755fdc,full_e1_e2,asymmetric_rps_3x3,1,1,moment_tail,0.1,1.881302047511861e-06
v3,58ce92bf16755fdc,full_e1_e2,asymmetric_rps_3x3,1,1,classical,0.05,3.4805695239314811e-05
v3,58ce92bf16755fdc,full_e1_e2,asymmetric_rps_3x3,1,1,variance_tail,0.05,6.9502056329751478e-05
v3,58ce92bf16755fdc,full_e1_e2,asymmetric_rps_3x3,1,1,moment_tail,0.05,1.1858619889903533e-07
v3,58ce92bf16755fdc,full_e1_e2,asymmetric_rps_3x3,1,1,classical,0.025,8.7190969732001954e-06
v3,58ce92bf16755fdc,full_e1_e2,asymmetric_rps_3x3,1,1,variance_tail,0.025,1.7397436350318182e-05
v3,58ce92bf16755fdc,full_e1_e2,asymmetric_rps_3x3,1,1,moment_tail,0.025,7.4274970707313437e-09
v3,58ce92bf16755fdc,full_e1_e2,asymmetric_rps_3x3,1,2,classical,0.2,0.00022145727610682039
v3,58ce92bf16755fdc,full_e1_e2,asymmetric_rps_3x3,1,2,variance_tail,0.2,0.00027595625793368976
v3,58ce92bf16755fdc,full_e1_e2,asymmetric_rps_3x3,1,2,moment_tail,0.2,3.9910313725351125e-06
v3,58ce92bf16755fdc,full_e1_e2,asymmetric_rps_3x3,1,2,classical,0.1,5.5697248281819778e-05
v3,58ce92bf16755fdc,full_e1_e2,asymmetric_rps_3x3,1,2,variance_tail,0.1,6.9454689774386253e-05
v3,58ce92bf16755fdc,full_e1_e2,asymmetric_rps_3x3,1,2,moment_tail,0.1,2.5574617584301255e-07
v3,58ce92bf16755fdc,full_e1_e2,asymmetric_rps_3x3,1,2,classical,0.05,1.3945536362151465e-05
v3,58ce92bf16755fdc,full_e1_e2,asymmetric_rps_3x3,1,2,variance_tail,0.05,1.7394380792057303e-05
v3,58ce92bf16755fdc,full_e1_e2,asymmetric_rps_3x3,1,2,moment_tail,0.05,1.6086044579696352e-08
v3,58ce92bf16755fdc,full_e1_e2,asymmetric_rps_3x3,1,2,classical,0.025,3.4877173958905401e-06
v3,58ce92bf16755fdc,full_e1_e2,asymmetric_rps_3x3,1,2,variance_tail,0.025,4.35054051944644e-06
v3,58ce92bf16755fdc,full_e1_e2,asymmetric_rps_3x3,1,2,moment_tail,0.025,1.0069837070804811e-09
v3,58ce92bf16755fdc,full_e1_e2,asymmetric_rps_3x3,1,5,classical,0.2,0.00013410883512435988
v3,58ce92bf16755fdc,full_e1_e2,asymmetric_rps_3x3,1,5,variance_tail,0.2,4.5021744743459524e-05
v3,58ce92bf16755fdc,full_e1_e2,asymmetric_rps_3x3,1,5,moment_tail,0.2,6.820726993514946e-07
v3,58ce92bf16755fdc,full_e1_e2,asymmetric_rps_3x3,1,5,classical,0.1,3.365343375964555e-05
v3,58ce92bf16755fdc,full_e1_e2,asymmetric_rps_3x3,1,5,variance_tail,0.1,1.1168089090780235e-05
v3,58ce92bf16755fdc,full_e1_e2,asymmetric_rps_3x3,1,5,moment_tail,0.1,4.2848808162490592e-08
v3,58ce92bf16755fdc,full_e1_e2,asymmetric_rps_3x3,1,5,classical,0.05,8.4212950296535188e-06
v3,58ce92bf16755fdc,full_e1_e2,asymmetric_rps_3x3,1,5,variance_tail,0.05,2.7865764230328245e-06
v3,58ce92bf16755fdc,full_e1_e2,asymmetric_rps_3x3,1,5,moment_tail,0.05,2.6815031401608654e-09
v3,58ce92bf16755fdc,full_e1_e2,asymmetric_rps_3x3,1,5,classical,0.025,2.1058205415059752e-06
v3,58ce92bf16755fdc,full_e1_e2,asymmetric_rps_3x3,1,5,variance_tail,0.025,6.963039667327448e-07
v3,58ce92bf16755fdc,full_e1_e2,asymmetric_rps_3x3,1,5,moment_tail,0.025,1.6764798511822852e-10
v3,58ce92bf16755fdc,full_e1_e2,asymmetric_rps_3x3,1,10,classical,0.2,7.9175621928935733e-05
v3,58ce92bf16755fdc,full_e1_e2,asymmetric_rps_3x3,1,10,variance_tail,0.2,1.1359839324655429e-05
v3,58ce92bf16755fdc,full_e1_e2,asymmetric_rps_3x3,1,10,moment_tail,0.2,2.5355853026789626e-07
v3,58ce92bf16755fdc,full_e1_e2,asymmetric_rps_3x3,1,10,classical,0.1,1.9841287060141237e-05
v3,58ce92bf16755fdc,full_e1_e2,asymmetric_rps_3x3,1,10,variance_tail,0.1,2.7985773462171292e-06
v3,58ce92bf16755fdc,full_e1_e2,asymmetric_rps_3x3,1,10,moment_tail,0.1,1.5902023772541528e-08
v3,58ce92bf16755fdc,full_e1_e2,asymmetric_rps_3x3,1,10,classical,0.05,4.9632958809613103e-06
v3,58ce92bf16755fdc,full_e1_e2,asymmetric_rps_3x3,1,10,variance_tail,0.05,6.9705427338864773e-07
v3,58ce92bf16755fdc,full_e1_e2,asymmetric_rps_3x3,1,10,moment_tail,0.05,9.9473453367780036e-10
v3,58ce92bf16755fdc,full_e1_e2,asymmetric_rps_3x3,1,10,classical,0.025,1.2410100531605646e-06
v3,58ce92bf16755fdc,full_e1_e2,asymmetric_rps_3x3,1,10,variance_tail,0.025,1.7410163462046797e-07
v3,58ce92bf16755fdc,full_e1_e2,asymmetric_rps_3x3,1,10,moment_tail,0.025,6.2184302299722937e-11
v3,58ce92bf16755fdc,full_e1_e2,asymmetric_rps_3x3,1,20,classical,0.2,4.4988092622042337e-05
v3,58ce92bf16755fdc,full_e1_e2,asymmetric_rps_3x3,1,20,variance_tail,0.2,2.8609318293192592e-06
v3,58ce92bf16755fdc,full_e1_e2,asymmetric_rps_3x3,1,20,moment_tail,0.2,8.3683716386996554e-08
v3,58ce92bf16755fdc,full_e1_e2,asymmetric_rps_3x3,1,20,classical,0.1,1.1262581648845099e-05
v3,58ce92bf16755fdc,full_e1_e2,asymmetric_rps_3x3,1,20,variance_tail,0.1,7.0095147978073007e-07
v3,58ce92bf16755fdc,full_e1_e2,asymmetric_rps_3x3,1,20,moment_tail,0.1,5.2410173812921178e-09
v3,58ce92bf16755fdc,full_e1_e2,asymmetric_rps_3x3,1,20,classical,0.05,2.8166203023528646e-06
v3,58ce92bf16755fdc,full_e1_e2,asymmetric_rps_3x3,1,20,variance_tail,0.05,1.7434520677699981e-07
v3,58ce92bf16755fdc,full_e1_e2,asymmetric_rps_3x3,1,20,moment_tail,0.05,3.2773264254057641e-10
v3,58ce92bf16755fdc,full_e1_e2,asymmetric_rps_3x3,1,20,classical,0.025,7.0421604521962234e-07
v3,58ce92bf16755fdc,full_e1_e2,asymmetric_rps_3x3,1,20,variance_tail,0.025,4.3530510107826769e-08
v3,58ce92bf16755fdc,full_e1_e2,asymmetric_rps_3x3,1,20,moment_tail,0.025,2.0485882618940051e-11
v3,58ce92bf16755fdc,full_e1_e2,asymmetric_rps_3x3,1,inf,classical,0.2,6.056830173442276e-06
v3,58ce92bf16755fdc,full_e1_e2,asymmetric_rps_3x3,1,inf,variance_tail,0.2,8.7460477481892472e-10
v3,58ce92bf16755fdc,full_e1_e2,asymmetric_rps_3x3,1,inf,moment_tail,0.2,8.7460477481892472e-10
v3,58ce92bf16755fdc,full_e1_e2,asymmetric_rps_3x3,1,inf,classical,0.1,1.514371525768881e-06
v3,58ce92bf16755fdc,full_e1_e2,asymmetric_rps_3x3,1,inf,variance_tail,0.1,5.4668782740951161e-11
v3,58ce92bf16755fdc,full_e1_e2,asymmetric_rps_3x3,1,inf,moment_tail,0.1,5.4668782740951161e-11
v3,58ce92bf16755fdc,full_e1_e2,asymmetric_rps_3x3,1,inf,classical,0.05,3.7860313173890886e-07
v3,58ce92bf16755fdc,full_e1_e2,asymmetric_rps_3x3,1,inf,variance_tail,0.05,3.4168990948765527e-12
v3,58ce92bf16755fdc,full_e1_e2,asymmetric_rps_3x3,1,inf,moment_tail,0.05,3.4168990948765527e-12
v3,58ce92bf16755fdc,full_e1_e2,asymmetric_rps_3x3,1,inf,classical,0.025,9.4651423601637951e-08
v3,58ce92bf16755fdc,full_e1_e2,asymmetric_rps_3x3,1,inf,variance_tail,0.025,2.1355432746521909e-13
v3,58ce92bf16755fdc,full_e1_e2,asymmetric_rps_3x3,1,inf,moment_tail,0.025,2.1355432746521909e-13
v3,58ce92bf16755fdc,full_e1_e2,asymmetric_rps_3x3,2,1,classical,0.2,0.0026451217812763993
v3,58ce92bf16755fdc,full_e1_e2,asymmetric_rps_3x3,2,1,variance_tail,0.2,0.00058878815700618033
v3,58ce92bf16755fdc,full_e1_e2,asymmetric_rps_3x3,2,1,moment_tail,0.2,0.00010501477527188434
v3,58ce92bf16755fdc,full_e1_e2,asymmetric_rps_3x3,2,1,classical,0.1,0.00068074276523733598
v3,58ce92bf16755fdc,full_e1_e2,asymmetric_rps_3x3,2,1,variance_tail,0.1,0.00016610539617704912
v3,58ce92bf16755fdc,full_e1_e2,asymmetric_rps_3x3,2,1,moment_tail,0.1,6.7641976246793927e-06
v3,58ce92bf16755fdc,full_e1_e2,asymmetric_rps_3x3,2,1,classical,0.05,0.00017144893861947017
v3,58ce92bf16755fdc,full_e1_e2,asymmetric_rps_3x3,2,1,variance_tail,0.05,4.2759320016419446e-05
v3,58ce92bf16755fdc,full_e1_e2,asymmetric_rps_3x3,2,1,moment_tail,0.05,4.2602269466192377e-07
v3,58ce92bf16755fdc,full_e1_e2,asymmetric_rps_3x3,2,1,classical,0.025,4.2941949926815059e-05
v3,58ce92bf16755fdc,full_e1_e2,asymmetric_rps_3x3,2,1,variance_tail,0.025,1.0767713765010989e-05
v3,58ce92bf16755fdc,full_e1_e2,asymmetric_rps_3x3,2,1,moment_tail,0.025,2.6677862877542589e-08
v3,58ce92bf16755fdc,full_e1_e2,asymmetric_rps_3x3,2,2,classical,0.2,0.0012007732903077366
v3,58ce92bf16755fdc,full_e1_e2,asymmetric_rps_3x3,2,2,variance_tail,0.2,0.00014548343740237511
v3,58ce92bf16755fdc,full_e1_e2,asymmetric_rps_3x3,2,2,moment_tail,0.2,2.7995547575677457e-05
v3,58ce92bf16755fdc,full_e1_e2,asymmetric_rps_3x3,2,2,classical,0.1,0.00030537890768249913
v3,58ce92bf16755fdc,full_e1_e2,asymmetric_rps_3x3,2,2,variance_tail,0.1,4.1429959833910268e-05
v3,58ce92bf16755fdc,full_e1_e2,asymmetric_rps_3x3,2,2,moment_tail,0.1,1.7881592488189939e-06
v3,58ce92bf16755fdc,full_e1_e2,asymmetric_rps_3x3,2,2,classical,0.05,7.6677759025594043e-05
v3,58ce92bf16755fdc,full_e1_e2,asymmetric_rps_3x3,2,2,variance_tail,0.05,1.0683988257985814e-05
v3,58ce92bf16755fdc,full_e1_e2,asymmetric_rps_3x3,2,2,moment_tail,0.05,1.1237965444317123e-07
v3,58ce92bf16755fdc,full_e1_e2,asymmetric_rps_3x3,2,2,classical,0.025,1.9190398512844382e-05
v3,58ce92bf16755fdc,full_e1_e2,asymmetric_rps_3x3,2,2,variance_tail,0.025,2.6915662443324894e-06
v3,58ce92bf16755fdc,full_e1_e2,asymmetric_rps_3x3,2,2,moment_tail,0.025,7.0334886409114046e-09
v3,58ce92bf16755fdc,full_e1_e2,asymmetric_rps_3x3,2,5,classical,0.2,0.00047046115037954538
v3,58ce92bf16755fdc,full_e1_e2,asymmetric_rps_3x3,2,5,variance_tail,0.2,2.3058668412273469e-05
v3,58ce92bf16755fdc,full_e1_e2,asymmetric_rps_3x3,2,5,moment_tail,0.2,4.7545617518582358e-06
v3,58ce92bf16755fdc,full_e1_e2,asymmetric_rps_3x3,2,5,classical,0.1,0.00011849945028874439
v3,58ce92bf16755fdc,full_e1_e2,asymmetric_rps_3x3,2,5,variance_tail,0.1,6.6175685686007279e-06
v3,58ce92bf16755fdc,full_e1_e2,asymmetric_rps_3x3,2,5,moment_tail,0.1,3.0031603042142846e-07
v3,58ce92bf16755fdc,full_e1_e2,asymmetric_rps_3x3,2,5,classical,0.05,2.9680855805206849e-05
v3,58ce92bf16755fdc,full_e1_e2,asymmetric_rps_3x3,2,5,variance_tail,0.05,1.7087784922311877e-06
v3,58ce92bf16755fdc,full_e1_e2,asymmetric_rps_3x3,2,5,moment_tail,0.05,1.8819894283167828e-08
v3,58ce92bf16755fdc,full_e1_e2,asymmetric_rps_3x3,2,5,classical,0.025,7.4237251849522053e-06
v3,58ce92bf16755fdc,full_e1_e2,asymmetric_rps_3x3,2,5,variance_tail,0.025,4.3061004158066333e-07
v3,58ce92bf16755fdc,full_e1_e2,asymmetric_rps_3x3,2,5,moment_tail,0.025,1.1770301405536006e-09
v3,58ce92bf16755fdc,full_e1_e2,asymmetric_rps_3x3,2,10,classical,0.2,0.00024896459658164228
v3,58ce92bf16755fdc,full_e1_e2,asymmetric_rps_3x3,2,10,variance_tail,0.2,5.6210956670699648e-06
v3,58ce92bf16755fdc,full_e1_e2,asymmetric_rps_3x3,2,10,moment_tail,0.2,1.352199574510917e-06
v3,58ce92bf16755fdc,full_e1_e2,asymmetric_rps_3x3,2,10,classical,0.1,6.2493212945014784e-05
v3,58ce92bf16755fdc,full_e1_e2,asymmetric_rps_3x3,2,10,variance_tail,0.1,1.6454731613114018e-06
v3,58ce92bf16755fdc,full_e1_e2,asymmetric_rps_3x3,2,10,moment_tail,0.1,8.5006165316799246e-08
v3,58ce92bf16755fdc,full_e1_e2,asymmetric_rps_3x3,2,10,classical,0.05,1.5639172053827583e-05
v3,58ce92bf16755fdc,full_e1_e2,asymmetric_rps_3x3,2,10,variance_tail,0.05,4.2663895773691887e-07
v3,58ce92bf16755fdc,full_e1_e2,asymmetric_rps_3x3,2,10,moment_tail,0.05,5.3206722466598553e-09
v3,58ce92bf16755fdc,full_e1_e2,asymmetric_rps_3x3,2,10,classical,0.025,3.9107866265710521e-06
v3,58ce92bf16755fdc,full_e1_e2,asymmetric_rps_3x3,2,10,variance_tail,0.025,1.0761781200399862e-07
v3,58ce92bf16755fdc,full_e1_e2,asymmetric_rps_3x3,2,10,moment_tail,0.025,3.326639642092143e-10
v3,58ce92bf16755fdc,full_e1_e2,asymmetric_rps_3x3,2,20,classical,0.2,0.0001423416158605279
v3,58ce92bf16755fdc,full_e1_e2,asymmetric_rps_3x3,2,20,variance_tail,0.2,1.318766697238517e-06
v3,58ce92bf16755fdc,full_e1_e2,asymmetric_rps_3x3,2,20,moment_tail,0.2,4.3536804725529565e-07
v3,58ce92bf16755fdc,full_e1_e2,asymmetric_rps_3x3,2,20,classical,0.1,3.5666688717038912e-05
v3,58ce92bf16755fdc,full_e1_e2,asymmetric_rps_3x3,2,20,variance_tail,0.1,4.0581883747263902e-07
v3,58ce92bf16755fdc,full_e1_e2,asymmetric_rps_3x3,2,20,moment_tail,0.1,2.7299653580020347e-08
v3,58ce92bf16755fdc,full_e1_e2,asymmetric_rps_3x3,2,20,classical,0.05,8.9217732366029779e-06
v3,58ce92bf16755fdc,full_e1_e2,asymmetric_rps_3x3,2,20,variance_tail,0.05,1.0631141781870873e-07
v3,58ce92bf16755fdc,full_e1_e2,asymmetric_rps_3x3,2,20,moment_tail,0.05,1.7076286792951147e-09
v3,58ce92bf16755fdc,full_e1_e2,asymmetric_rps_3x3,2,20,classical,0.025,2.2307624514336802e-06
v3,58ce92bf16755fdc,full_e1_e2,asymmetric_rps_3x3,2,20,variance_tail,0.025,2.6882661960288394e-08
v3,58ce92bf16755fdc,full_e1_e2,asymmetric_rps_3x3,2,20,moment_tail,0.025,1.0674867800808891e-10
v3,58ce92bf16755fdc,full_e1_e2,asymmetric_rps_3x3,2,inf,classical,0.2,3.8625016214656967e-05
v3,58ce92bf16755fdc,full_e1_e2,asymmetric_rps_3x3,2,inf,variance_tail,0.2,1.9666071691906114e-08
v3,58ce92bf16755fdc,full_e1_e2,asymmetric_rps_3x3,2,inf,moment_tail,0.2,1.9666071691906114e-08
v3,58ce92bf16755fdc,full_e1_e2,asymmetric_rps_3x3,2,inf,classical,0.1,9.659929143762128e-06
v3,58ce92bf16755fdc,full_e1_e2,asymmetric_rps_3x3,2,inf,variance_tail,0.1,1.2296159100557378e-09
v3,58ce92bf16755fdc,full_e1_e2,asymmetric_rps_3x3,2,inf,moment_tail,0.1,1.2296159100557378e-09
v3,58ce92bf16755fdc,full_e1_e2,asymmetric_rps_3x3,2,inf,classical,0.05,2.4152120923949702e-06
v3,58ce92bf16755fdc,full_e1_e2,asymmetric_rps_3x3,2,inf,variance_tail,0.05,7.6858613773157047e-11
v3,58ce92bf16755fdc,full_e1_e2,asymmetric_rps_3x3,2,inf,moment_tail,0.05,7.6858613773157047e-11
v3,58ce92bf16755fdc,full_e1_e2,asymmetric_rps_3x3,2,inf,classical,0.025,6.0381738776266996e-07
v3,58ce92bf16755fdc,full_e1_e2,asymmetric_rps_3x3,2,inf,variance_tail,0.025,4.8037944318207393e-12
v3,58ce92bf16755fdc,full_e1_e2,asymmetric_rps_3x3,2,inf,moment_tail,0.025,4.8037944318207393e-12
v3,58ce92bf16755fdc,full_e1_e2,asymmetric_rps_3x3,3,1,classical,0.2,0.0060002104811784345
v3,58ce92bf16755fdc,full_e1_e2,asymmetric_rps_3x3,3,1,variance_tail,0.2,0.00045102659907185526
v3,58ce92bf16755fdc,full_e1_e2,asymmetric_rps_3x3,3,1,moment_tail,0.2,0.00022404789492348531
v3,58ce92bf16755fdc,full_e1_e2,asymmetric_rps_3x3,3,1,classical,0.1,0.0015415240647437924
v3,58ce92bf16755fdc,full_e1_e2,asymmetric_rps_3x3,3,1,variance_tail,0.1,0.00011163964549982952
v3,58ce92bf16755fdc,full_e1_e2,asymmetric_rps_3x3,3,1,moment_tail,0.1,1.4432371267352384e-05
v3,58ce92bf16755fdc,full_e1_e2,asymmetric_rps_3x3,3,1,classical,0.05,0.0003880730387062794
v3,58ce92bf16755fdc,full_e1_e2,asymmetric_rps_3x3,3,1,variance_tail,0.05,2.8468538800716478e-05
v3,58ce92bf16755fdc,full_e1_e2,asymmetric_rps_3x3,3,1,moment_tail,0.05,9.0899984924767125e-07
v3,58ce92bf16755fdc,full_e1_e2,asymmetric_rps_3x3,3,1,classical,0.025,9.7188140094769449e-05
v3,58ce92bf16755fdc,full_e1_e2,asymmetric_rps_3x3,3,1,variance_tail,0.025,7.1620740927421779e-06
v3,58ce92bf16755fdc,full_e1_e2,asymmetric_rps_3x3,3,1,moment_tail,0.025,5.6922590510376918e-08
v3,58ce92bf16755fdc,full_e1_e2,asymmetric_rps_3x3,3,2,classical,0.2,0.0034928928279447293
v3,58ce92bf16755fdc,full_e1_e2,asymmetric_rps_3x3,3,2,variance_tail,0.2,0.00012607374660872196
v3,58ce92bf16755fdc,full_e1_e2,asymmetric_rps_3x3,3,2,moment_tail,0.2,8.2739194764208052e-05
v3,58ce92bf16755fdc,full_e1_e2,asymmetric_rps_3x3,3,2,classical,0.1,0.0008886005025437807
v3,58ce92bf16755fdc,full_e1_e2,asymmetric_rps_3x3,3,2,variance_tail,0.1,2.8033380936609677e-05
v3,58ce92bf16755fdc,full_e1_e2,asymmetric_rps_3x3,3,2,moment_tail,0.1,5.2876839243624665e-06
v3,58ce92bf16755fdc,full_e1_e2,asymmetric_rps_3x3,3,2,classical,0.05,0.00022313837807954204
v3,58ce92bf16755fdc,full_e1_e2,asymmetric_rps_3x3,3,2,variance_tail,0.05,7.112510709793923e-06
v3,58ce92bf16755fdc,full_e1_e2,asymmetric_rps_3x3,3,2,moment_tail,0.05,3.3235991103929898e-07
v3,58ce92bf16755fdc,full_e1_e2,asymmetric_rps_3x3,3,2,classical,0.025,5.5846799455491201e-05
v3,58ce92bf16755fdc,full_e1_e2,asymmetric_rps_3x3,3,2,variance_tail,0.025,1.790040021460863e-06
v3,58ce92bf16755fdc,full_e1_e2,asymmetric_rps_3x3,3,2,moment_tail,0.025,2.0802105843972571e-08
v3,58ce92bf16755fdc,full_e1_e2,asymmetric_rps_3x3,3,5,classical,0.2,0.0019837945963507866
v3,58ce92bf16755fdc,full_e1_e2,asymmetric_rps_3x3,3,5,variance_tail,0.2,2.9231986438800166e-05
v3,58ce92bf16755fdc,full_e1_e2,asymmetric_rps_3x3,3,5,moment_tail,0.2,2.5928561998598564e-05
v3,58ce92bf16755fdc,full_e1_e2,asymmetric_rps_3x3,3,5,classical,0.1,0.00050078841653012338
v3,58ce92bf16755fdc,full_e1_e2,asymmetric_rps_3x3,3,5,variance_tail,0.1,4.6187141546443861e-06
v3,58ce92bf16755fdc,full_e1_e2,asymmetric_rps_3x3,3,5,moment_tail,0.1,1.6410812318214122e-06
v3,58ce92bf16755fdc,full_e1_e2,asymmetric_rps_3x3,3,5,classical,0.05,0.00012550439579501972
v3,58ce92bf16755fdc,full_e1_e2,asymmetric_rps_3x3,3,5,variance_tail,0.05,1.1361877931839361e-06
v3,58ce92bf16755fdc,full_e1_e2,asymmetric_rps_3x3,3,5,moment_tail,0.05,1.0289473406389206e-07
v3,58ce92bf16755fdc,full_e1_e2,asymmetric_rps_3x3,3,5,classical,0.025,3.139538127922152e-05
v3,58ce92bf16755fdc,full_e1_e2,asymmetric_rps_3x3,3,5,variance_tail,0.025,2.8613533988904041e-07
v3,58ce92bf16755fdc,full_e1_e2,asymmetric_rps_3x3,3,5,moment_tail,0.025,6.436057192992583e-09
v3,58ce92bf16755fdc,full_e1_e2,asymmetric_rps_3x3,3,10,classical,0.2,0.0014776599908377791
v3,58ce92bf16755fdc,full_e1_e2,asymmetric_rps_3x3,3,10,variance_tail,0.2,1.3446372141123101e-05
v3,58ce92bf16755fdc,full_e1_e2,asymmetric_rps_3x3,3,10,moment_tail,0.2,1.3266073775147886e-05
v3,58ce92bf16755fdc,full_e1_e2,asymmetric_rps_3x3,3,10,classical,0.1,0.00037189537968899342
v3,58ce92bf16755fdc,full_e1_e2,asymmetric_rps_3x3,3,10,variance_tail,0.1,1.3271510446433728e-06
v3,58ce92bf16755fdc,full_e1_e2,asymmetric_rps_3x3,3,10,moment_tail,0.1,8.3611889155708854e-07
v3,58ce92bf16755fdc,full_e1_e2,asymmetric_rps_3x3,3,10,classical,0.05,9.3130505501913912e-05
v3,58ce92bf16755fdc,full_e1_e2,asymmetric_rps_3x3,3,10,variance_tail,0.05,2.8488283358897885e-07
v3,58ce92bf16755fdc,full_e1_e2,asymmetric_rps_3x3,3,10,moment_tail,0.05,5.2367999570123311e-08
v3,58ce92bf16755fdc,full_e1_e2,asymmetric_rps_3x3,3,10,classical,0.025,2.3292443570162985e-05
v3,58ce92bf16755fdc,full_e1_e2,asymmetric_rps_3x3,3,10,variance_tail,0.025,7.1415292963102436e-08
v3,58ce92bf16755fdc,full_e1_e2,asymmetric_rps_3x3,3,10,moment_tail,0.025,3.2747329709226035e-09
v3,58ce92bf16755fdc,full_e1_e2,asymmetric_rps_3x3,3,20,classical,0.2,0.0012238055997950059
v3,58ce92bf16755fdc,full_e1_e2,asymmetric_rps_3x3,3,20,variance_tail,0.2,8.2057897599150616e-06
v3,58ce92bf16755fdc,full_e1_e2,asymmetric_rps_3x3,3,20,moment_tail,0.2,8.2509049265054969e-06
v3,58ce92bf16755fdc,full_e1_e2,asymmetric_rps_3x3,3,20,classical,0.1,0.00030749514913537584
v3,58ce92bf16755fdc,full_e1_e2,asymmetric_rps_3x3,3,20,variance_tail,0.1,5.6497903404186933e-07
v3,58ce92bf16755fdc,full_e1_e2,asymmetric_rps_3x3,3,20,moment_tail,0.1,5.1879217453818197e-07
v3,58ce92bf16755fdc,full_e1_e2,asymmetric_rps_3x3,3,20,classical,0.05,7.6971000073715345e-05
v3,58ce92bf16755fdc,full_e1_e2,asymmetric_rps_3x3,3,20,variance_tail,0.05,7.5499612418255026e-08
v3,58ce92bf16755fdc,full_e1_e2,asymmetric_rps_3x3,3,20,moment_tail,0.05,3.2473534526058455e-08
v3,58ce92bf16755fdc,full_e1_e2,asymmetric_rps_3x3,3,20,classical,0.025,1.9248837303371293e-05
v3,58ce92bf16755fdc,full_e1_e2,asymmetric_rps_3x3,3,20,variance_tail,0.025,1.7838755481712296e-08
v3,58ce92bf16755fdc,full_e1_e2,asymmetric_rps_3x3,3,20,moment_tail,0.025,2.0303636242221238e-09
v3,58ce92bf16755fdc,full_e1_e2,asymmetric_rps_3x3,3,inf,classical,0.2,0.00096936775381173531
v3,58ce92bf16755fdc,full_e1_e2,asymmetric_rps_3x3,3,inf,variance_tail,0.2,4.1568543786441045e-06
v3,58ce92bf16755fdc,full_e1_e2,asymmetric_rps_3x3,3,inf,moment_tail,0.2,4.1568543786441045e-06
v3,58ce92bf16755fdc,full_e1_e2,asymmetric_rps_3x3,3,inf,classical,0.1,0.00024311903376810482
v3,58ce92bf16755fdc,full_e1_e2,asymmetric_rps_3x3,3,inf,variance_tail,0.1,2.6066168451564213e-07
v3,58ce92bf16755fdc,full_e1_e2,asymmetric_rps_3x3,3,inf,moment_tail,0.1,2.6066168451564213e-07
v3,58ce92bf16755fdc,full_e1_e2,asymmetric_rps_3x3,3,inf,classical,0.05,6.0828527139447247e-05
v3,58ce92bf16755fdc,full_e1_e2,asymmetric_rps_3x3,3,inf,variance_tail,0.05,1.6304822519712515e-08
v3,58ce92bf16755fdc,full_e1_e2,asymmetric_rps_3x3,3,inf,moment_tail,0.05,1.6304822519712515e-08
v3,58ce92bf16755fdc,full_e1_e2,asymmetric_rps_3x3,3,inf,classical,0.025,1.5210182970987298e-05
v3,58ce92bf16755fdc,full_e1_e2,asymmetric_rps_3x3,3,inf,variance_tail,0.025,1.0192620441201344e-09
v3,58ce92bf16755fdc,full_e1_e2,asymmetric_rps_3x3,3,inf,moment_tail,0.025,1.0192620441201344e-09
v3,58ce92bf16755fdc,full_e1_e2,asymmetric_rps_3x3,4,1,classical,0.2,0.0025064707957527617
v3,58ce92bf16755fdc,full_e1_e2,asymmetric_rps_3x3,4,1,variance_tail,0.2,0.00076277200823220463
v3,58ce92bf16755fdc,full_e1_e2,asymmetric_rps_3x3,4,1,moment_tail,0.2,5.9081299121429048e-05
v3,58ce92bf16755fdc,full_e1_e2,asymmetric_rps_3x3,4,1,classical,0.1,0.00063683110137909948
v3,58ce92bf16755fdc,full_e1_e2,asymmetric_rps_3x3,4,1,variance_tail,0.1,0.00018250337862887311
v3,58ce92bf16755fdc,full_e1_e2,asymmetric_rps_3x3,4,1,moment_tail,0.1,3.7794141125892843e-06
v3,58ce92bf16755fdc,full_e1_e2,asymmetric_rps_3x3,4,1,classical,0.05,0.00015986333708360373
v3,58ce92bf16755fdc,full_e1_e2,asymmetric_rps_3x3,4,1,variance_tail,0.05,4.5115939944652904e-05
v3,58ce92bf16755fdc,full_e1_e2,asymmetric_rps_3x3,4,1,moment_tail,0.05,2.3761706073003904e-07
v3,58ce92bf16755fdc,full_e1_e2,asymmetric_rps_3x3,4,1,classical,0.025,4.0007085077258693e-05
v3,58ce92bf16755fdc,full_e1_e2,asymmetric_rps_3x3,4,1,variance_tail,0.025,1.1247171146509475e-05
v3,58ce92bf16755fdc,full_e1_e2,asymmetric_rps_3x3,4,1,moment_tail,0.025,1.4873189318521898e-08
v3,58ce92bf16755fdc,full_e1_e2,asymmetric_rps_3x3,4,2,classical,0.2,0.0018108673168207078
v3,58ce92bf16755fdc,full_e1_e2,asymmetric_rps_3x3,4,2,variance_tail,0.2,0.00020673851524174498
v3,58ce92bf16755fdc,full_e1_e2,asymmetric_rps_3x3,4,2,moment_tail,0.2,3.0336390791671639e-05
v3,58ce92bf16755fdc,full_e1_e2,asymmetric_rps_3x3,4,2,classical,0.1,0.00045827016431999201
v3,58ce92bf16755fdc,full_e1_e2,asymmetric_rps_3x3,4,2,variance_tail,0.1,4.6630908528875896e-05
v3,58ce92bf16755fdc,full_e1_e2,asymmetric_rps_3x3,4,2,moment_tail,0.1,1.9269781139181342e-06
v3,58ce92bf16755fdc,full_e1_e2,asymmetric_rps_3x3,4,2,classical,0.05,0.00011492156566329098
v3,58ce92bf16755fdc,full_e1_e2,asymmetric_rps_3x3,4,2,variance_tail,0.05,1.134179303361704e-05
v3,58ce92bf16755fdc,full_e1_e2,asymmetric_rps_3x3,4,2,moment_tail,0.05,1.2093146863630805e-07
v3,58ce92bf16755fdc,full_e1_e2,asymmetric_rps_3x3,4,2,classical,0.025,2.8752629092027557e-05
v3,58ce92bf16755fdc,full_e1_e2,asymmetric_rps_3x3,4,2,variance_tail,0.025,2.8157179508085998e-06
v3,58ce92bf16755fdc,full_e1_e2,asymmetric_rps_3x3,4,2,moment_tail,0.025,7.5660033370586964e-09
v3,58ce92bf16755fdc,full_e1_e2,asymmetric_rps_3x3,4,5,classical,0.2,0.0012349028155910992
v3,58ce92bf16755fdc,full_e1_e2,asymmetric_rps_3x3,4,5,variance_tail,0.2,4.2288655647699001e-05
v3,58ce92bf16755fdc,full_e1_e2,asymmetric_rps_3x3,4,5,moment_tail,0.2,1.4393453322104761e-05
v3,58ce92bf16755fdc,full_e1_e2,asymmetric_rps_3x3,4,5,classical,0.1,0.00031138587782519314
v3,58ce92bf16755fdc,full_e1_e2,asymmetric_rps_3x3,4,5,variance_tail,0.1,8.0282192830374069e-06
v3,58ce92bf16755fdc,full_e1_e2,asymmetric_rps_3x3,4,5,moment_tail,0.1,9.102158073145776e-07
v3,58ce92bf16755fdc,full_e1_e2,asymmetric_rps_3x3,4,5,classical,0.05,7.8015164623967579e-05
v3,58ce92bf16755fdc,full_e1_e2,asymmetric_rps_3x3,4,5,variance_tail,0.05,1.8498920466930911e-06
v3,58ce92bf16755fdc,full_e1_e2,asymmetric_rps_3x3,4,5,moment_tail,0.05,5.7057504933579691e-08
v3,58ce92bf16755fdc,full_e1_e2,asymmetric_rps_3x3,4,5,classical,0.025,1.9514373356855201e-05
v3,58ce92bf16755fdc,full_e1_e2,asymmetric_rps_3x3,4,5,variance_tail,0.025,4.5271060628874708e-07
v3,58ce92bf16755fdc,full_e1_e2,asymmetric_rps_3x3,4,5,moment_tail,0.025,3.5687469313566261e-09
v3,58ce92bf16755fdc,full_e1_e2,asymmetric_rps_3x3,4,10,classical,0.2,0.0010155321461854233
v3,58ce92bf16755fdc,full_e1_e2,asymmetric_rps_3x3,4,10,variance_tail,0.2,1.6395669740065606e-05
v3,58ce92bf16755fdc,full_e1_e2,asymmetric_rps_3x3,4,10,moment_tail,0.2,9.5608415193156955e-06
v3,58ce92bf16755fdc,full_e1_e2,asymmetric_rps_3x3,4,10,classical,0.1,0.00025564962739667508
v3,58ce92bf16755fdc,full_e1_e2,asymmetric_rps_3x3,4,10,variance_tail,0.1,2.3617643364587465e-06
v3,58ce92bf16755fdc,full_e1_e2,asymmetric_rps_3x3,4,10,moment_tail,0.1,6.0328897384733653e-07
v3,58ce92bf16755fdc,full_e1_e2,asymmetric_rps_3x3,4,10,classical,0.05,6.4024131496940123e-05
v3,58ce92bf16755fdc,full_e1_e2,asymmetric_rps_3x3,4,10,variance_tail,0.05,4.8423128978367579e-07
v3,58ce92bf16755fdc,full_e1_e2,asymmetric_rps_3x3,4,10,moment_tail,0.05,3.7796509959762964e-08
v3,58ce92bf16755fdc,full_e1_e2,asymmetric_rps_3x3,4,10,classical,0.025,1.6013036490578707e-05
v3,58ce92bf16755fdc,full_e1_e2,asymmetric_rps_3x3,4,10,variance_tail,0.025,1.1452873857853869e-07
v3,58ce92bf16755fdc,full_e1_e2,asymmetric_rps_3x3,4,10,moment_tail,0.025,2.3637082313680207e-09
v3,58ce92bf16755fdc,full_e1_e2,asymmetric_rps_3x3,4,20,classical,0.2,0.00090062180594019858
v3,58ce92bf16755fdc,full_e1_e2,asymmetric_rps_3x3,4,20,variance_tail,0.2,8.9717851968735471e-06
v3,58ce92bf16755fdc,full_e1_e2,asymmetric_rps_3x3,4,20,moment_tail,0.2,7.302844768274921e-06
v3,58ce92bf16755fdc,full_e1_e2,asymmetric_rps_3x3,4,20,classical,0.1,0.0002265019279060406
v3,58ce92bf16755fdc,full_e1_e2,asymmetric_rps_3x3,4,20,variance_tail,0.1,8.891304335170115e-07
v3,58ce92bf16755fdc,full_e1_e2,asymmetric_rps_3x3,4,20,moment_tail,0.1,4.6017768074954849e-07
v3,58ce92bf16755fdc,full_e1_e2,asymmetric_rps_3x3,4,20,classical,0.05,5.6710491431321612e-05
v3,58ce92bf16755fdc,full_e1_e2,asymmetric_rps_3x3,4,20,variance_tail,0.05,1.3912270206110464e-07
v3,58ce92bf16755fdc,full_e1_e2,asymmetric_rps_3x3,4,20,moment_tail,0.05,2.8820422702215415e-08
v3,58ce92bf16755fdc,full_e1_e2,asymmetric_rps_3x3,4,20,classical,0.025,1.4182949475771784e-05
v3,58ce92bf16755fdc,full_e1_e2,asymmetric_rps_3x3,4,20,variance_tail,0.025,2.9741962660274809e-08
v3,58ce92bf16755fdc,full_e1_e2,asymmetric_rps_3x3,4,20,moment_tail,0.025,1.8022061194963258e-09
v3,58ce92bf16755fdc,full_e1_e2,asymmetric_rps_3x3,4,inf,classical,0.2,0.00078220883047301008
v3,58ce92bf16755fdc,full_e1_e2,asymmetric_rps_3x3,4,inf,variance_tail,0.2,5.1790806390655255e-06
v3,58ce92bf16755fdc,full_e1_e2,asymmetric_rps_3x3,4,inf,moment_tail,0.2,5.1790806390655255e-06
v3,58ce92bf16755fdc,full_e1_e2,asymmetric_rps_3x3,4,inf,classical,0.1,0.00019650097689605868
v3,58ce92bf16755fdc,full_e1_e2,asymmetric_rps_3x3,4,inf,variance_tail,0.1,3.2580819585528701e-07
v3,58ce92bf16755fdc,full_e1_e2,asymmetric_rps_3x3,4,inf,moment_tail,0.1,3.2580819585528701e-07
v3,58ce92bf16755fdc,full_e1_e2,asymmetric_rps_3x3,4,inf,classical,0.05,4.9185019726465779e-05
v3,58ce92bf16755fdc,full_e1_e2,asymmetric_rps_3x3,4,inf,variance_tail,0.05,2.0396376966763483e-08
v3,58ce92bf16755fdc,full_e1_e2,asymmetric_rps_3x3,4,inf,moment_tail,0.05,2.0396376966763483e-08
v3,58ce92bf16755fdc,full_e1_e2,asymmetric_rps_3x3,4,inf,classical,0.025,1.2299998433020338e-05
v3,58ce92bf16755fdc,full_e1_e2,asymmetric_rps_3x3,4,inf,variance_tail,0.025,1.2752960873158958e-09
v3,58ce92bf16755fdc,full_e1_e2,asymmetric_rps_3x3,4,inf,moment_tail,0.025,1.2752960873158958e-09
