schema_version,config_hash,profile,game,state_id,m,model,slope,intercept,fit_points,fit_status
v3,58ce92bf16755fdc,full_e1_e2,coordination_2x2,0,1,classical,1.9848285560043206,-1.3622771722667173,4,fitted
v3,58ce92bf16755fdc,full_e1_e2,coordination_2x2,0,1,variance_tail,2.0318575803349619,-1.9954123040860949,4,fitted
v3,58ce92bf16755fdc,full_e1_e2,coordination_2x2,0,1,moment_tail,3.9855907283395453,-1.5228016135722695,4,fitted
v3,58ce92bf16755fdc,full_e1_e2,coordination_2x2,0,2,classical,1.9846113003304691,-1.5616686581046102,4,fitted
v3,58ce92bf16755fdc,full_e1_e2,coordination_2x2,0,2,variance_tail,2.0984819880986607,-3.1547867871892361,4,fitted
v3,58ce92bf16755fdc,full_e1_e2,coordination_2x2,0,2,moment_tail,3.9839494211772544,-1.7095064933072406,4,fitted
v3,58ce92bf16755fdc,full_e1_e2,coordination_2x2,0,5,classical,1.9878376014884291,-1.8577916147380884,4,fitted
v3,58ce92bf16755fdc,full_e1_e2,coordination_2x2,0,5,variance_tail,2.2888862904050997,-4.330814560284197,4,fitted
v3,58ce92bf16755fdc,full_e1_e2,coordination_2x2,0,5,moment_tail,3.9862648670150218,-2.2455235506399438,4,fitted
v3,58ce92bf16755fdc,full_e1_e2,coordination_2x2,0,10,classical,1.9899786879718604,-2.012857707491325,4,fitted
v3,58ce92bf16755fdc,full_e1_e2,coordination_2x2,0,10,variance_tail,2.5717993080898407,-4.7135345976745686,4,fitted
v3,58ce92bf16755fdc,full_e1_e2,coordination_2x2,0,10,moment_tail,3.9886515779879428,-2.5962294042005798,4,fitted
v3,58ce92bf16755fdc,full_e1_e2,coordination_2x2,0,20,classical,1.9913986984148193,-2.1075807082616591,4,fitted
v3,58ce92bf16755fdc,full_e1_e2,coordination_2x2,0,20,variance_tail,2.9853633519179312,-4.5433657512383272,4,fitted
v3,58ce92bf16755fdc,full_e1_e2,coordination_2x2,0,20,moment_tail,3.9904883166868923,-2.8447674100434983,4,fitted
v3,58ce92bf16755fdc,full_e1_e2,coordination_2x2,0,inf,classical,1.9931601235461145,-2.2176226959616541,4,fitted
v3,58ce92bf16755fdc,full_e1_e2,coordination_2x2,0,inf,variance_tail,3.9930782079879563,-3.1848260952209237,4,fitted
v3,58ce92bf16755fdc,full_e1_e2,coordination_2x2,0,inf,moment_tail,3.9930782079879563,-3.1848260952209237,4,fitted
v3,58ce92bf16755fdc,full_e1_e2,coordination_2x2,1,1,classical,1.994679634229545,-1.8281790321048921,4,fitted
v3,58ce92bf16755fdc,full_e1_e2,coordination_2x2,1,1,variance_tail,2.0046187965145208,-1.663984989656597,4,fitted
v3,58ce92bf16755fdc,full_e1_e2,coordination_2x2,1,1,moment_tail,4.0484993847686397,-2.980599563566678,4,fitted
v3,58ce92bf16755fdc,full_e1_e2,coordination_2x2,1,2,classical,1.9860596305831377,-2.045015337569497,4,fitted
v3,58ce92bf16755fdc,full_e1_e2,coordination_2x2,1,2,variance_tail,2.0383379918870022,-2.9358303278198727,4,fitted
v3,58ce92bf16755fdc,full_e1_e2,coordination_2x2,1,2,moment_tail,3.9862451111515695,-2.292202112793313,4,fitted
v3,58ce92bf16755fdc,full_e1_e2,coordination_2x2,1,5,classical,1.9908073311688697,-2.6336253135042837,4,fitted
v3,58ce92bf16755fdc,full_e1_e2,coordination_2x2,1,5,variance_tail,2.0826430119074137,-4.6176749685763641,4,fitted
v3,58ce92bf16755fdc,full_e1_e2,coordination_2x2,1,5,moment_tail,3.9885797050995033,-3.3053114835498607,4,fitted
v3,58ce92bf16755fdc,full_e1_e2,coordination_2x2,1,10,classical,1.9940778973383642,-3.0966561689356298,4,fitted
v3,58ce92bf16755fdc,full_e1_e2,coordination_2x2,1,10,variance_tail,2.1266717925841965,-5.853683117320041,4,fitted
v3,58ce92bf16755fdc,full_e1_e2,coordination_2x2,1,10,moment_tail,3.9923591749342142,-4.2109488401852611,4,fitted
v3,58ce92bf16755fdc,full_e1_e2,coordination_2x2,1,20,classical,1.996120980177829,-3.4956223763740573,4,fitted
v3,58ce92bf16755fdc,full_e1_e2,coordination_2x2,1,20,variance_tail,2.2032414437043744,-6.977082273139394,4,fitted
v3,58ce92bf16755fdc,full_e1_e2,coordination_2x2,1,20,moment_tail,3.9950019877932386,-5.0344805316120773,4,fitted
v3,58ce92bf16755fdc,full_e1_e2,coordination_2x2,1,inf,classical,1.9987531591834011,-4.2437854467684684,4,fitted
v3,58ce92bf16755fdc,full_e1_e2,coordination_2x2,1,inf,variance_tail,3.998738211561228,-6.9190801340440062,4,fitted
v3,58ce92bf16755fdc,full_e1_e2,coordination_2x2,1,inf,moment_tail,3.998738211561228,-6.9190801340440062,4,fitted
v3,58ce92bf16755fdc,full_e1_e2,coordination_2x2,2,1,classical,1.9403684144710418,-2.5503626570188866,4,fitted
v3,58ce92bf16755fdc,full_e1_e2,coordination_2x2,2,1,variance_tail,1.9366078554455055,-2.620258461969557,4,fitted
v3,58ce92bf16755fdc,full_e1_e2,coordination_2x2,2,1,moment_tail,3.9626761499522338,-1.2671685094977205,4,fitted
v3,58ce92bf16755fdc,full_e1_e2,coordination_2x2,2,2,classical,1.960202241534474,-3.8155154714118646,4,fitted
v3,58ce92bf16755fdc,full_e1_e2,coordination_2x2,2,2,variance_tail,1.955284422430561,-3.9434473322003534,4,fitted
v3,58ce92bf16755fdc,full_e1_e2,coordination_2x2,2,2,moment_tail,3.9647607731773191,-2.9802441671092628,4,fitted
v3,58ce92bf16755fdc,full_e1_e2,coordination_2x2,2,5,classical,1.9823805266581762,-5.4262633526675828,4,fitted
v3,58ce92bf16755fdc,full_e1_e2,coordination_2x2,2,5,variance_tail,1.9770644726224675,-5.7022533930002766,4,fitted
v3,58ce92bf16755fdc,full_e1_e2,coordination_2x2,2,5,moment_tail,3.9813058205801966,-5.4368393023773622,4,fitted
v3,58ce92bf16755fdc,full_e1_e2,coordination_2x2,2,10,classical,1.9914350853053795,-6.5769798509714565,4,fitted
v3,58ce92bf16755fdc,full_e1_e2,coordination_2x2,2,10,variance_tail,1.9863179615907696,-7.0572184472255088,4,fitted
v3,58ce92bf16755fdc,full_e1_e2,coordination_2x2,2,10,moment_tail,3.9900654681444996,-7.3190140468538312,4,fitted
v3,58ce92bf16755fdc,full_e1_e2,coordination_2x2,2,20,classical,1.9960550433184272,-7.6323862735713464,4,fitted
v3,58ce92bf16755fdc,full_e1_e2,coordination_2x2,2,20,variance_tail,1.9913664861558735,-8.4264286546341864,4,fitted
v3,58ce92bf16755fdc,full_e1_e2,coordination_2x2,2,20,moment_tail,3.9950588650647636,-9.1541669364644598,4,fitted
v3,58ce92bf16755fdc,full_e1_e2,coordination_2x2,2,inf,classical,2.0000004411248931,-17.359932026589924,4,fitted
v3,58ce92bf16755fdc,full_e1_e2,coordination_2x2,2,inf,variance_tail,,,4,degenerate_below_precision
v3,58ce92bf16755fdc,full_e1_e2,coordination_2x2,2,inf,moment_tail,,,4,degenerate_below_precision
v3,58ce92bf16755fdc,full_e1_e2,coordination_2x2,3,1,classical,1.9684808964336356,-0.87566286426402429,4,fitted
v3,58ce92bf16755fdc,full_e1_e2,coordination_2x2,3,1,variance_tail,2.1350569081339619,-1.9450625920754376,4,fitted
v3,58ce92bf16755fdc,full_e1_e2,coordination_2x2,3,1,moment_tail,3.9696316091521835,-0.28683144713524,4,fitted
v3,58ce92bf16755fdc,full_e1_e2,coordination_2x2,3,2,classical,1.9773817681307648,-1.3921803781525026,4,fitted
v3,58ce92bf16755fdc,full_e1_e2,coordination_2x2,3,2,variance_tail,2.2084516770568854,-3.0787156732996781,4,fitted
v3,58ce92bf16755fdc,full_e1_e2,coordination_2x2,3,2,moment_tail,3.9737210781836305,-1.1507980406995679,4,fitted
v3,58ce92bf16755fdc,full_e1_e2,coordination_2x2,3,5,classical,1.9877392993867387,-2.0851527744649583,4,fitted
v3,58ce92bf16755fdc,full_e1_e2,coordination_2x2,3,5,variance_tail,2.3072403665089554,-4.5689010873442673,4,fitted
v3,58ce92bf16755fdc,full_e1_e2,coordination_2x2,3,5,moment_tail,3.9841100633498514,-2.4672790503203879,4,fitted
v3,58ce92bf16755fdc,full_e1_e2,coordination_2x2,3,10,classical,1.9923579513295362,-2.5554335847141272,4,fitted
v3,58ce92bf16755fdc,full_e1_e2,coordination_2x2,3,10,variance_tail,2.4155160191246901,-5.5753345563304579,4,fitted
v3,58ce92bf16755fdc,full_e1_e2,coordination_2x2,3,10,moment_tail,3.9899242277809086,-3.4137863030924591,4,fitted
v3,58ce92bf16755fdc,full_e1_e2,coordination_2x2,3,20,classical,1.9950155396537521,-2.9340496936363141,4,fitted
v3,58ce92bf16755fdc,full_e1_e2,coordination_2x2,3,20,variance_tail,2.5907887184244847,-6.3345101918794109,4,fitted
v3,58ce92bf16755fdc,full_e1_e2,coordination_2x2,3,20,moment_tail,3.9935400090062889,-4.2214170113929192,4,fitted
v3,58ce92bf16755fdc,full_e1_e2,coordination_2x2,3,inf,classical,1.9982271426723739,-3.5805692384684313,4,fitted
v3,58ce92bf16755fdc,full_e1_e2,coordination_2x2,3,inf,variance_tail,3.9982060143954756,-5.9033264722801286,4,fitted
v3,58ce92bf16755fdc,full_e1_e2,coordination_2x2,3,inf,moment_tail,3.9982060143954756,-5.9033264722801286,4,fitted
v3,58ce92bf16755fdc,full_e1_e2,coordination_2x2,4,1,classical,1.9716669641545943,-0.37697142425203289,4,fitted
v3,58ce92bf16755fdc,full_e1_e2,coordination_2x2,4,1,variance_tail,2.1115371036646691,-1.4234717320934978,4,fitted
v3,58ce92bf16755fdc,full_e1_e2,coordination_2x2,4,1,moment_tail,3.9713663264543997,0.10003796841730424,4,fitted
v3,58ce92bf16755fdc,full_e1_e2,coordination_2x2,4,2,classical,1.9747621901631143,-0.6226426953540436,4,fitted
v3,58ce92bf16755fdc,full_e1_e2,coordination_2x2,4,2,variance_tail,2.2604578119214946,-2.295963997582076,4,fitted
v3,58ce92bf16755fdc,full_e1_e2,coordination_2x2,4,2,moment_tail,3.9726316488561899,-0.26693987625628784,4,fitted
v3,58ce92bf16755fdc,full_e1_e2,coordination_2x2,4,5,classical,1.9805712686923393,-0.88111238861793539,4,fitted
v3,58ce92bf16755fdc,full_e1_e2,coordination_2x2,4,5,variance_tail,2.6148626627757707,-2.8679904903926565,4,fitted
v3,58ce92bf16755fdc,full_e1_e2,coordination_2x2,4,5,moment_tail,3.9778894618179819,-0.7939730250740048,4,fitted
v3,58ce92bf16755fdc,full_e1_e2,coordination_2x2,4,10,classical,1.9837251363714412,-1.000290924015137,4,fitted
v3,58ce92bf16755fdc,full_e1_e2,coordination_2x2,4,10,variance_tail,3.0140590655827886,-2.738302684964224,4,fitted
v3,58ce92bf16755fdc,full_e1_e2,coordination_2x2,4,10,moment_tail,3.9817326925328786,-1.0928349758329676,4,fitted
v3,58ce92bf16755fdc,full_e1_e2,coordination_2x2,4,20,classical,1.9856603489965983,-1.0690149379558489,4,fitted
v3,58ce92bf16755fdc,full_e1_e2,coordination_2x2,4,20,variance_tail,3.44151249933735,-2.2763185289234795,4,fitted
v3,58ce92bf16755fdc,full_e1_e2,coordination_2x2,4,20,moment_tail,3.9843748070575682,-1.2893648908270978,4,fitted
v3,58ce92bf16755fdc,full_e1_e2,coordination_2x2,4,inf,classical,1.9879104702664108,-1.145287293532065,4,fitted
v3,58ce92bf16755fdc,full_e1_e2,coordination_2x2,4,inf,variance_tail,3.9877650187643106,-1.5373414595584924,4,fitted
v3,58ce92bf16755fdc,full_e1_e2,coordination_2x2,4,inf,moment_tail,3.9877650187643106,-1.5373414595584924,4,fitted
v3,58ce92bf16755fdc,full_e1_e2,asymmetric_rps_3x3,0,1,classical,1.9878297162294647,-2.8110872354389986,4,fitted
v3,58ce92bf16755fdc,full_e1_e2,asymmetric_rps_3x3,0,1,variance_tail,2.0358885363198596,-3.8580091053139252,4,fitted
v3,58ce92bf16755fdc,full_e1_e2,asymmetric_rps_3x3,0,1,moment_tail,3.9853852358117212,-3.1937023132976403,4,fitted
v3,58ce92bf16755fdc,full_e1_e2,asymmetric_rps_3x3,0,2,classical,1.990660134685972,-3.1547700346311456,4,fitted
v3,58ce92bf16755fdc,full_e1_e2,asymmetric_rps_3x3,0,2,variance_tail,2.0766952670940459,-5.1055915739711919,4,fitted
v3,58ce92bf16755fdc,full_e1_e2,asymmetric_rps_3x3,0,2,moment_tail,3.9891663788854612,-3.8078678716627321,4,fitted
v3,58ce92bf16755fdc,full_e1_e2,asymmetric_rps_3x3,0,5,classical,1.9936203022282459,-3.5779932778105485,4,fitted
v3,58ce92bf16755fdc,full_e1_e2,asymmetric_rps_3x3,0,5,variance_tail,2.1910335021202538,-6.5468491042009385,4,fitted
v3,58ce92bf16755fdc,full_e1_e2,asymmetric_rps_3x3,0,5,moment_tail,3.9922881124168867,-4.6167281723540432,4,fitted
v3,58ce92bf16755fdc,full_e1_e2,asymmetric_rps_3x3,0,10,classical,1.9951089721009707,-3.8036847097939952,4,fitted
v3,58ce92bf16755fdc,full_e1_e2,asymmetric_rps_3x3,0,10,variance_tail,2.3783789837562108,-7.2817242192833511,4,fitted
v3,58ce92bf16755fdc,full_e1_e2,asymmetric_rps_3x3,0,10,moment_tail,3.9940770444551124,-5.10936440188111,4,fitted
v3,58ce92bf16755fdc,full_e1_e2,asymmetric_rps_3x3,0,20,classical,1.9960185763993241,-3.9464985727921307,4,fitted
v3,58ce92bf16755fdc,full_e1_e2,asymmetric_rps_3x3,0,20,variance_tail,2.7058411879845345,-7.4891360267222051,4,fitted
v3,58ce92bf16755fdc,full_e1_e2,asymmetric_rps_3x3,0,20,moment_tail,3.995259921268449,-5.4573890011163231,4,fitted
v3,58ce92bf16755fdc,full_e1_e2,asymmetric_rps_3x3,0,inf,classical,1.9970972879776314,-4.1192146804291472,4,fitted
v3,58ce92bf16755fdc,full_e1_e2,asymmetric_rps_3x3,0,inf,variance_tail,3.9967652636160396,-5.9412229971738508,4,fitted
v3,58ce92bf16755fdc,full_e1_e2,asymmetric_rps_3x3,0,inf,moment_tail,3.9967652636160396,-5.9412229971738508,4,fitted
v3,58ce92bf16755fdc,full_e1_e2,asymmetric_rps_3x3,1,1,classical,1.9809472491626443,-4.3360719188138823,4,fitted
v3,58ce92bf16755fdc,full_e1_e2,asymmetric_rps_3x3,1,1,variance_tail,1.9881665419462546,-3.6210772666147188,4,fitted
v3,58ce92bf16755fdc,full_e1_e2,asymmetric_rps_3x3,1,1,moment_tail,3.9797070341050502,-4.0305270617906457,4,fitted
v3,58ce92bf16755fdc,full_e1_e2,asymmetric_rps_3x3,1,2,classical,1.9963606958131797,-5.2006924372817105,4,fitted
v3,58ce92bf16755fdc,full_e1_e2,asymmetric_rps_3x3,1,2,variance_tail,1.9958754200036071,-4.9812787914579975,4,fitted
v3,58ce92bf16755fdc,full_e1_e2,asymmetric_rps_3x3,1,2,moment_tail,3.9848347829335253,-6.0115806824258016,4,fitted
v3,58ce92bf16755fdc,full_e1_e2,asymmetric_rps_3x3,1,5,classical,1.9977273642561226,-5.7006548680008358,4,fitted
v3,58ce92bf16755fdc,full_e1_e2,asymmetric_rps_3x3,1,5,variance_tail,2.0047099473931227,-6.7839530717462591,4,fitted
v3,58ce92bf16755fdc,full_e1_e2,asymmetric_rps_3x3,1,5,moment_tail,3.9968965205255786,-7.7640270219749645,4,fitted
v3,58ce92bf16755fdc,full_e1_e2,asymmetric_rps_3x3,1,10,classical,1.9985544007778107,-6.2266655535281723,4,fitted
v3,58ce92bf16755fdc,full_e1_e2,asymmetric_rps_3x3,1,10,variance_tail,2.0088957337806286,-8.1560801262128866,4,fitted
v3,58ce92bf16755fdc,full_e1_e2,asymmetric_rps_3x3,1,10,moment_tail,3.9979197275079832,-8.7523648247877421,4,fitted
v3,58ce92bf16755fdc,full_e1_e2,asymmetric_rps_3x3,1,20,classical,1.9991644445565393,-6.7912188795600938,4,fitted
v3,58ce92bf16755fdc,full_e1_e2,asymmetric_rps_3x3,1,20,variance_tail,2.0122311036973874,-9.5310861635998059,4,fitted
v3,58ce92bf16755fdc,full_e1_e2,asymmetric_rps_3x3,1,20,moment_tail,3.9987559082461646,-9.8599309884601407,4,fitted
v3,58ce92bf16755fdc,full_e1_e2,asymmetric_rps_3x3,1,inf,classical,1.9999345775927715,-8.7955250110382295,4,fitted
v3,58ce92bf16755fdc,full_e1_e2,asymmetric_rps_3x3,1,inf,variance_tail,3.999939483265917,-14.419563108673572,4,fitted
v3,58ce92bf16755fdc,full_e1_e2,asymmetric_rps_3x3,1,inf,moment_tail,3.999939483265917,-14.419563108673572,4,fitted
v3,58ce92bf16755fdc,full_e1_e2,asymmetric_rps_3x3,2,1,classical,1.9823738667794524,-2.7369397204498291,4,fitted
v3,58ce92bf16755fdc,full_e1_e2,asymmetric_rps_3x3,2,1,variance_tail,1.9276682475673812,-4.3031043986262985,4,fitted
v3,58ce92bf16755fdc,full_e1_e2,asymmetric_rps_3x3,2,1,moment_tail,3.9816901435961731,-2.7452413195967562,4,fitted
v3,58ce92bf16755fdc,full_e1_e2,asymmetric_rps_3x3,2,2,classical,1.9896026270991187,-3.5181634491474076,4,fitted
v3,58ce92bf16755fdc,full_e1_e2,asymmetric_rps_3x3,2,2,variance_tail,1.9224019651552333,-5.7070286987805643,4,fitted
v3,58ce92bf16755fdc,full_e1_e2,asymmetric_rps_3x3,2,2,moment_tail,3.9868030435358013,-4.0612648050451199,4,fitted
v3,58ce92bf16755fdc,full_e1_e2,asymmetric_rps_3x3,2,5,classical,1.9954641205064152,-4.4482582218834592,4,fitted
v3,58ce92bf16755fdc,full_e1_e2,asymmetric_rps_3x3,2,5,variance_tail,1.9181686134728309,-7.5537284710127306,4,fitted
v3,58ce92bf16755fdc,full_e1_e2,asymmetric_rps_3x3,2,5,moment_tail,3.9935987221258911,-5.8261880765441063,4,fitted
v3,58ce92bf16755fdc,full_e1_e2,asymmetric_rps_3x3,2,10,classical,1.9975549278828961,-5.0821990767143097,4,fitted
v3,58ce92bf16755fdc,full_e1_e2,asymmetric_rps_3x3,2,10,variance_tail,1.9068002630998082,-8.9782020034949497,4,fitted
v3,58ce92bf16755fdc,full_e1_e2,asymmetric_rps_3x3,2,10,moment_tail,3.9964751688157767,-7.0801717186080442,4,fitted
v3,58ce92bf16755fdc,full_e1_e2,asymmetric_rps_3x3,2,20,classical,1.9986205345180146,-5.640026306466738,4,fitted
v3,58ce92bf16755fdc,full_e1_e2,asymmetric_rps_3x3,2,20,variance_tail,1.8781647925277705,-10.460655933621032,4,fitted
v3,58ce92bf16755fdc,full_e1_e2,asymmetric_rps_3x3,2,20,moment_tail,3.9980221270405543,-8.2116474452654522,4,fitted
v3,58ce92bf16755fdc,full_e1_e2,asymmetric_rps_3x3,2,inf,classical,1.9997701001322243,-6.9430047052766817,4,fitted
v3,58ce92bf16755fdc,full_e1_e2,asymmetric_rps_3x3,2,inf,variance_tail,3.9997597285721351,-11.306902656558306,4,fitted
v3,58ce92bf16755fdc,full_e1_e2,asymmetric_rps_3x3,2,inf,moment_tail,3.9997597285721351,-11.306902656558306,4,fitted
v3,58ce92bf16755fdc,full_e1_e2,asymmetric_rps_3x3,3,1,classical,1.9834224383801906,-1.916630047534164,4,fitted
v3,58ce92bf16755fdc,full_e1_e2,asymmetric_rps_3x3,3,1,variance_tail,1.9901482890316744,-4.5071915016719046,4,fitted
v3,58ce92bf16755fdc,full_e1_e2,asymmetric_rps_3x3,3,1,moment_tail,3.9816439186274089,-1.9875389502571374,4,fitted
v3,58ce92bf16755fdc,full_e1_e2,asymmetric_rps_3x3,3,2,classical,1.98940081818757,-2.4506376947646347,4,fitted
v3,58ce92bf16755fdc,full_e1_e2,asymmetric_rps_3x3,3,2,variance_tail,2.0393111611195067,-5.7344626161197274,4,fitted
v3,58ce92bf16755fdc,full_e1_e2,asymmetric_rps_3x3,3,2,moment_tail,3.9864694516015358,-2.9780114259898025,4,fitted
v3,58ce92bf16755fdc,full_e1_e2,asymmetric_rps_3x3,3,5,classical,1.9941162833898565,-3.0107920865397428,4,fitted
v3,58ce92bf16755fdc,full_e1_e2,asymmetric_rps_3x3,3,5,variance_tail,2.2047409055634994,-7.0293600100192695,4,fitted
v3,58ce92bf16755fdc,full_e1_e2,asymmetric_rps_3x3,3,5,moment_tail,3.9923637885920371,-4.1314022413633191,4,fitted
v3,58ce92bf16755fdc,full_e1_e2,asymmetric_rps_3x3,3,10,classical,1.9959496716733365,-3.3031835544513486,4,fitted
v3,58ce92bf16755fdc,full_e1_e2,asymmetric_rps_3x3,3,10,variance_tail,2.4890196638927424,-7.4749966588905368,4,fitted
v3,58ce92bf16755fdc,full_e1_e2,asymmetric_rps_3x3,3,10,moment_tail,3.994918038793033,-4.7985270083194536,4,fitted
v3,58ce92bf16755fdc,full_e1_e2,asymmetric_rps_3x3,3,20,classical,1.9969554626633184,-3.4904938223649218,4,fitted
v3,58ce92bf16755fdc,full_e1_e2,asymmetric_rps_3x3,3,20,variance_tail,2.9440106423511057,-7.2853932895141726,4,fitted
v3,58ce92bf16755fdc,full_e1_e2,asymmetric_rps_3x3,3,20,moment_tail,3.9963615935428884,-5.2717143530357742,4,fitted
v3,58ce92bf16755fdc,full_e1_e2,asymmetric_rps_3x3,3,inf,classical,1.9980646904781323,-3.722265322379533,4,fitted
v3,58ce92bf16755fdc,full_e1_e2,asymmetric_rps_3x3,3,inf,variance_tail,3.9980062356850374,-5.9553436393269266,4,fitted
v3,58ce92bf16755fdc,full_e1_e2,asymmetric_rps_3x3,3,inf,moment_tail,3.9980062356850374,-5.9553436393269266,4,fitted
v3,58ce92bf16755fdc,full_e1_e2,asymmetric_rps_3x3,4,1,classical,1.9901845975758359,-2.7815679172150904,4,fitted
v3,58ce92bf16755fdc,full_e1_e2,asymmetric_rps_3x3,4,1,variance_tail,2.0267067458398107,-3.9281727522992984,4,fitted
v3,58ce92bf16755fdc,full_e1_e2,asymmetric_rps_3x3,4,1,moment_tail,3.9858767646515654,-3.3154921423114607,4,fitted
v3,58ce92bf16755fdc,full_e1_e2,asymmetric_rps_3x3,4,2,classical,1.9926078268761183,-3.1037764444390157,4,fitted
v3,58ce92bf16755fdc,full_e1_e2,asymmetric_rps_3x3,4,2,variance_tail,2.0634119452049147,-5.1898473728610472,4,fitted
v3,58ce92bf16755fdc,full_e1_e2,asymmetric_rps_3x3,4,2,moment_tail,3.990176983423134,-3.9769786896739086,4,fitted
v3,58ce92bf16755fdc,full_e1_e2,asymmetric_rps_3x3,4,5,classical,1.9948026716568406,-3.4840029946175211,4,fitted
v3,58ce92bf16755fdc,full_e1_e2,asymmetric_rps_3x3,4,5,variance_tail,2.1754252282667998,-6.6399372507340111,4,fitted
v3,58ce92bf16755fdc,full_e1_e2,asymmetric_rps_3x3,4,5,moment_tail,3.9928842722603441,-4.7193606391825069,4,fitted
v3,58ce92bf16755fdc,full_e1_e2,asymmetric_rps_3x3,4,10,classical,1.9958015815102244,-3.6784056836708752,4,fitted
v3,58ce92bf16755fdc,full_e1_e2,asymmetric_rps_3x3,4,10,variance_tail,2.3770480906127975,-7.327256945867707,4,fitted
v3,58ce92bf16755fdc,full_e1_e2,asymmetric_rps_3x3,4,10,moment_tail,3.9942134061415029,-5.126891765297378,4,fitted
v3,58ce92bf16755fdc,full_e1_e2,asymmetric_rps_3x3,4,20,classical,1.9963911520968824,-3.7977939505392477,4,fitted
v3,58ce92bf16755fdc,full_e1_e2,asymmetric_rps_3x3,4,20,variance_tail,2.7386291464874395,-7.4132028724712109,4,fitted
v3,58ce92bf16755fdc,full_e1_e2,asymmetric_rps_3x3,4,20,moment_tail,3.9950464091872822,-5.3953220227818894,4,fitted
v3,58ce92bf16755fdc,full_e1_e2,asymmetric_rps_3x3,4,inf,classical,1.9970716956859762,-3.9379563868853658,4,fitted
v3,58ce92bf16755fdc,full_e1_e2,asymmetric_rps_3x3,4,inf,variance_tail,3.9960582286808548,-5.7377666438064567,4,fitted
v3,58ce92bf16755fdc,full_e1_e2,asymmetric_rps_3x3,4,inf,moment_tail,3.9960582286808548,-5.7377666438064567,4,fitted
