schema_version,config_hash,model,population,radial_growth_mean,radial_growth_sd,ring_points,max_real_eigenvalue,eigenvalue_step_spread,center_residual
v3.3,315b8c39022042af,classical,inf,-0.004286324863745166,0.4477212297151992,108,-0.004447733548221776,0.0,1.2518402724573207e-17
v3.3,315b8c39022042af,exact,inf,0.005349733339825521,0.3832238069888093,108,0.005275496572451674,0.0,1.0652803604140257e-17
v3.3,315b8c39022042af,finite_N_generator,50,0.017303690186014072,0.4651516017582432,108,0.007155895930213832,0.0,0.0035966922080571764
v3.3,315b8c39022042af,finite_N_generator,100,0.017908027480395328,0.4753375486004704,108,0.006784132986140133,0.0,0.003515396204117223
v3.3,315b8c39022042af,finite_N_generator,200,0.008728506799814186,0.39811359735624086,108,0.006497398724584529,3.986001334773531e-05,0.004424257761152464
v3.3,315b8c39022042af,finite_N_generator,500,0.006596476256190663,0.3878487391532267,108,0.006514654102534552,5.0628143873264475e-05,0.0003772357257077131
v3.3,315b8c39022042af,finite_N_generator,1000,0.004525993074076206,0.3809427151973545,108,0.004503585097720149,5.042781809615898e-05,0.00039389317930368434
v3.3,315b8c39022042af,finite_N_generator,2000,0.00551628336312026,0.38180567668004756,108,0.005476681098735073,5.0434483580281964e-05,0.0004385593141340628
v3.3,315b8c39022042af,finite_N_generator,5000,0.005219427509501695,0.3825172368988837,108,0.005282146882327782,5.038623288604327e-05,3.6176689133284055e-05
v3.3,315b8c39022042af,finite_N_generator,10000,0.005412757672417257,0.38314845658764285,108,0.005280471683812384,5.0375716966255535e-05,3.607781124929502e-05
