schema_version,config_hash,kernel,sampling_mode,m,inverse_m,left_beta,right_beta,critical_beta,crossing_direction,left_eigenvalue,right_eigenvalue,root_eigenvalue,jacobian_step_spread,residual_l2,candidate_solution_count,candidate_equilibrium_spread,equilibrium
v3.3,393de51ec9fec163,fermi,independent,1,1.0,0.31,0.32,0.3101831393656305,stable_to_unstable,-4.672225634931582e-06,0.00025251006029122086,-6.325912016436064e-13,6.298826737971552e-11,6.807760053742692e-14,1,0.0,"[0.5810808139487657,0.36540080352119386,0.05351838253004048]"
v3.3,393de51ec9fec163,fermi,independent,2,0.5,0.76,0.77,0.7612252431633492,stable_to_unstable,-7.297792266186542e-07,3.92230863377821e-06,2.0324714133934663e-13,1.1151585210811277e-10,9.17905267630764e-12,1,0.0,"[0.5835030921395746,0.36203091423692063,0.05446599362350459]"
v3.3,393de51ec9fec163,fermi,independent,2,0.5,0.8,0.81,0.8003039718623031,unstable_to_stable,1.7272177370991626e-07,-6.914696883072308e-06,6.438113930862244e-13,1.9533143505445771e-10,1.3527652452601765e-11,1,0.0,"[0.5830179416369411,0.3621630646418619,0.05481899372119702]"
v3.3,393de51ec9fec163,fermi,independent,3,0.3333333333333333,0.8300000000000001,0.8400000000000001,0.8349230623489098,stable_to_unstable,-2.756257222977232e-05,2.830208019957356e-05,7.0699245069416605e-12,2.2119310549850724e-10,1.3920484562421115e-12,1,0.0,"[0.5881561054838395,0.3591556982767037,0.052688196239456836]"
v3.3,393de51ec9fec163,fermi,independent,5,0.2,1.1400000000000001,1.1500000000000001,1.141780240789843,stable_to_unstable,-7.061790415499591e-06,3.246764172041769e-05,-4.741033954314133e-13,2.1487145743237512e-10,6.674353679166323e-14,1,0.0,"[0.59078479656854,0.3572616773421037,0.05195352608935646]"
v3.3,393de51ec9fec163,fermi,common,1,1.0,0.76,0.77,0.767310265105297,stable_to_unstable,-0.00010778260973275111,3.969674827561387e-05,7.234490784213676e-14,6.028165466798185e-11,3.6328792577514914e-13,1,0.0,"[0.5057729125673684,0.39936847793557556,0.09485860949705596]"
v3.3,393de51ec9fec163,arctan,independent,1,1.0,0.15000000000000002,0.16,0.15925359393738142,stable_to_unstable,-0.00042685636213632416,3.478013121954726e-05,7.749703656578788e-13,1.3166864820668422e-10,8.015082324252517e-13,1,0.0,"[0.581416922125237,0.36507517146475227,0.05350790641001074]"
v3.3,393de51ec9fec163,arctan,independent,3,0.3333333333333333,0.48,0.49,0.4814296613056155,stable_to_unstable,-1.2651083206964564e-05,7.543811004352349e-05,5.616920123463487e-12,2.0297277053549223e-10,3.11431765260144e-12,1,0.0,"[0.5882668464958847,0.3586809060856241,0.05305224741849132]"
v3.3,393de51ec9fec163,arctan,independent,5,0.2,0.68,0.6900000000000001,0.6826279318878622,stable_to_unstable,-1.3059839088502834e-05,3.6215014198211215e-05,-1.9255499972281598e-12,7.252927078371663e-11,1.778383486256443e-13,1,0.0,"[0.5907747432231818,0.3569626884685788,0.052262568308239395]"
v3.3,393de51ec9fec163,arctan,independent,10,0.1,0.9800000000000001,0.9900000000000001,0.9869968744677811,stable_to_unstable,-2.626429829386337e-05,1.120693955851404e-05,-2.923356001716115e-14,2.122706142804187e-10,6.8618765481560345e-12,1,0.0,"[0.5929687847326937,0.35560810982608404,0.051423105441222194]"
v3.3,393de51ec9fec163,arctan,common,1,1.0,0.45,0.46,0.4524554324942403,stable_to_unstable,-4.0230763598922414e-05,0.000122685148932343,-1.4456144614705124e-12,1.3212812094431925e-10,7.821199111501011e-13,1,0.0,"[0.5114077822334335,0.39595294668372627,0.0926392710828401]"
